0.08065999997779727,0.15329534441599998,0.062255673696000026,-0.28321928681599995
0.16131999998469837,-0.07942270504000003,-0.22256831688000003,0.11268123952
0.22182999999495223,0.23058224082399986,-0.702198458348,-0.165849564786
0.3025199999974575,0.17472426085000003,-0.9916028545,0.07750901680000002
0.38317999997525476,0.5689795335360002,-0.71429770887,-0.271227508612
0.44365999998990446,1.236790560276,-1.1330058241479999,-0.3915071858079999
0.584869999991497,0.10902132089599999,-0.9631543580159999,0.3894595090560001
0.6453799999726471,1.076807621676,-0.37168359063600004,-1.351734006146
0.726009999983944,1.331958517102,2.022338992076,-0.2699130615140001
0.8873899999889545,-0.5173632943680002,-2.4297870199680003,-0.651941989696
0.9479099999880418,-0.390548568606,0.01650194058000004,1.006960833026
1.0285599999770056,1.8453819610420001,0.6933234193440001,-0.9768361222240002
1.1092199999839067,0.8848001835000001,-0.6685340822499999,0.23112841450000005
1.169739999982994,1.5307526912000002,-0.37689832959999997,-0.35895537920000004
1.2503999999898952,-0.35090733379999983,-1.9604070346999998,0.12922347665000003
1.3310799999744631,-3.7654873901720003,-1.5038352325880004,0.0014119322839999948
1.4722899999760557,-1.4755907109839999,2.327530801272,0.24849054056800005
1.5529499999829568,0.11521001040000017,2.35751309816,0.17547860631999998
1.6335699999763165,0.096479050958,0.06751836982400002,-0.01807093953
1.6941200000001118,-1.8351486804999992,3.2115555600000003,1.020488124
1.8554399999848101,-0.49987735450000004,-0.48489773559,0.1289022573
1.9159799999906681,-0.566062810628,-0.504379660042,0.14182170828000001
1.9966399999975692,-1.2169358324600001,-0.7214286505300003,-1.62987533661
2.137849999999162,0.667997757176,-0.36348922452399995,0.8063418508679999
2.218509999976959,1.6451411617279998,1.525546562432,-0.23962117068799998
2.2991599999950267,-1.37406874305,-0.8141934116500001,-1.6594812952400002
2.379819999972824,-1.6116249124539996,1.27758504398,1.8311312762279999
2.4605099999753293,0.1286997091099999,1.2251402843160004,-1.5608847198919997
2.5209999999788124,-2.0530509184919996,0.2936821853399999,1.717726791984
2.6016799999924842,0.875898610214,0.02552695802400005,0.069842280196
2.6823399999993853,1.23763905884,-0.22695012826399996,-0.734317501428
2.7428599999984726,0.72177629648,0.6802000196800003,-1.4653430929600002
2.823550000000978,0.41001611464000015,0.8708672730299998,-0.7249702327900001
2.884059999982128,-0.7290196773600002,-0.1817337529599999,2.6669680676800005
2.964719999989029,2.0766663606759996,-1.1348510733000001,-2.57193333598
3.04537999999593,0.706701544448,0.52768628288,-1.895043033664
3.1865799999795854,-2.4336643889160006,-0.1774440066359999,-0.25319778830799994
3.2470699999830686,-0.83528058222,-0.34268005951999986,0.38971740531
3.3277299999899697,-0.6224095945,0.02842023800000012,-0.69214248975
3.408449999988079,0.24641411269999997,-0.38793563140000004,-1.3383339690799998
3.4890699999814387,0.9146514552120002,1.6702502539879995,-0.784204027
3.549589999980526,-0.19227323963199994,1.260134682984,0.517567510528
3.6302799999830313,-1.903611187048,-1.0634739462319998,0.0925130543
3.7109399999899324,-1.705712608384855,1.6341484413239438,-0.15068677518422494
3.7714500000001863,2.8091789152100004,-1.1259010090200003,-3.2493732539600004
3.8521099999779835,-2.888043650084,1.1543793215599996,3.692344366176
3.912629999977071,-0.569291688094,-0.39992118185400005,-0.944956377964
3.993289999983972,0.9681661058880006,2.6452210611519997,-0.053717229920000005
4.053769999998622,0.22678281528000005,-0.14586006406000004,1.40616417616
4.134460000001127,-0.7737538123520002,-0.49749770732800025,0.503040189056
4.195009999995818,0.1515442739579998,-1.226333036438,-0.516703052212
4.275689999980386,-2.6940711552399996,0.6254424232600004,1.3171306961200002
4.356319999991683,-1.3833277825759998,-0.30129338375999964,-0.68941996494
4.436979999998584,-0.42582647663599993,0.235429260394,-4.227704266403999
4.497529999993276,0.8225159979280005,3.350115471008,-0.5335879029720001
4.578190000000177,1.1353690320879997,-0.17460559571000014,-2.94718684077
4.658839999989141,-1.9478648273399999,-0.37201634930000016,3.1275071083
4.719389999983832,0.12662060576399986,-1.031402809884,2.110239125676
4.800019999995129,-1.9435026519999998,0.3873954785600002,0.31183716864
4.880709999997634,-1.339052945334,0.46727578785800017,0.684027299424
4.941249999974389,0.9813989357600001,-0.29383521389999995,-1.5477627565
5.021879999985686,-1.47858141638,0.04684358204000013,1.659210042858
5.082399999984773,0.90912430588,0.11759223643999991,-2.89778990892
5.243709999980638,-0.5210453504800001,-0.7295433175400001,-0.07662400015999998
5.304229999979725,-1.94069572396,-0.5377781193919997,2.5022243319880006
5.384889999986626,-0.9545272402559999,1.1424597110400003,-0.13171663971200004
5.4655799999891315,0.07404776689952011,-0.33400281445850916,-1.2323182890015485
5.5462599999736995,-1.159450888736,0.49321409844,3.6346479272759997
5.606749999977183,1.1243513920319999,-0.09744097686000014,-2.608268960612
5.687469999975292,0.37970611051600006,1.3505026635359998,-1.4564722661479999
5.768099999986589,-1.616870006324,1.25520384532,-1.462545831284
5.828580000001239,0.390698575328,-1.2644464821119998,0.5037632395839999
5.909299999999348,0.04223310499999999,-0.176241902,1.906195878
5.989959999977145,-1.1410210492600001,0.23086494110000014,-1.1463123373
6.050479999976233,-1.8795002019080003,1.50626508892,3.161141546788
6.131099999998696,0.19905572775,-0.28572848650000005,-1.267630049
6.1916199999977835,-0.2167347017554515,-0.37250974251296715,0.11576108536988607
6.272310000000289,0.3241261536719999,-0.21968397749600002,-3.583699316244
6.332849999977043,-2.602483655584,0.44353122687800023,2.16358786912
6.41347999998834,0.09315032648799998,-0.38250496411999996,-0.035561553792
6.494139999995241,-0.33358717738000004,-0.817415195862,-0.653309684746
6.554719999985537,0.731019963008,-0.11916739700800008,-3.3869431602400004
6.635309999983292,0.05299157391200001,0.199599491084,1.809575558762
6.715999999985797,0.7975482710000001,0.5929664879999998,-2.5213252629999996
6.776549999980489,0.624781092724,-1.030574831852,-3.1617943106600004
6.85720999998739,-1.5857559320960002,0.673899893344,2.637822980544
6.93782999998075,-1.691260549648,0.7498336408640002,2.574507996768
6.998410000000149,-1.915393005184,-0.0019176196999995017,1.1591539254880003
7.079009999986738,0.9282530924000001,-0.8024027154400003,-1.809600765584
7.159729999984847,0.367033878052,0.7803531060119999,1.7295859365
7.220209999999497,-1.503515297374,1.1647757487160004,0.690954096066
7.300869999977294,-0.692328376948,0.44994921279600003,-0.9375941394720001
7.36142000000109,0.0880895774880001,1.435194523424,-1.409166596704
7.442079999978887,0.543495080752,0.451436728272,-3.111974097184
7.583249999996042,0.9942644978599998,0.8074453537159998,-0.50558170676
7.663909999973839,-0.00976835763199998,-0.47215468979199987,-0.440945770752
7.744599999976344,-1.8777817411280002,0.555944327968,1.5764427637919998
7.805109999986598,-0.6184194085,-0.66085214675,-0.39954738949999996
7.885769999993499,0.45661602572000004,0.1065186471599999,-1.50956150614
7.9664300000004005,-1.6888892644799998,-0.34287384415999994,2.3182651009599997
8.047119999973802,0.26771196988800006,0.127266972896,-1.418562872416
8.107619999995222,0.9104111405599999,-1.5984353220160001,-1.2669815889599998
8.248769999976503,-1.58307027552,0.33043746779600025,1.239584811172
8.329509999981383,0.8139024907999999,-0.16824916943999996,-2.8129998328
8.41013999999268,-0.4520242780759998,0.46731129965800006,-0.028916144634
8.470659999991767,-0.562516647304,-0.19987547741199996,1.167841024088
8.551349999994272,1.326930515216242,-0.6804601868545453,-0.9372585098155702
8.611859999975422,-1.0392784645459998,0.828047924386,1.517460592184
8.692519999982323,-0.7078820827200002,0.25301534049600005,-1.398691826784
8.773179999989225,0.36202902386,0.20811251283999993,-0.73736004242
8.83375999997952,-0.39159397376,0.700642282576,-0.426996560928
8.91437999997288,-1.4168335094699995,0.3765437353300001,0.25655776906
8.995009999984177,0.15440475932799996,-0.412411114304,2.084106191008
9.055559999978868,0.8096918731999998,-1.2348058043999999,-2.2505754944
9.13621999998577,-1.418289876048,0.5497829033760002,1.2416549223039999
9.216869999974733,0.08477285998000002,0.19858952069999997,-2.33724004355
9.358049999980722,-0.8534476155039998,-0.7784017246520001,2.488796994042
9.418599999975413,-2.16320623732,0.7985467797400002,2.13695374138
9.49924999999348,0.22223483310199998,1.3550212404200004,1.2912605764799998
9.559769999992568,0.5689834287559999,-1.406130786516,-1.456318281842
9.72111999997287,-0.9742989798320002,0.8642803173320003,0.36645087001599996
9.78159999998752,0.19063337947999998,0.04198542713799999,1.29486559716
9.862259999994421,-2.1334746555159994,0.15075837631599984,4.512675499152
9.942949999996927,1.307852466168,-0.33621914164800004,-2.13491168504
10.023609999974724,-1.2345094288179999,-0.4545809097340001,0.30212593456799997
10.084149999980582,-0.39253673415999996,0.07247382976000001,0.39405466392000005
10.164809999987483,-1.6409029593000002,1.0428013599000001,0.7323909239
10.245469999994384,0.30269284124999996,-0.32834369,-0.8423605845000001
10.305989999993471,-1.237727701608,-0.33997066613599997,0.5763774899840001
10.386609999986831,-0.093030089984,-0.10680630553600001,1.0963343820799998
10.467299999989336,0.15141000824999995,-0.5741352453299999,-0.8528521485600001
10.547989999991842,-0.9752529591279999,0.18023920418800018,-1.385039046756
10.608509999990929,-1.6269276537680002,0.5597238267519998,-0.599581079148
10.669020000001183,0.7342167176240001,1.3633786941439998,-0.7035966148159999
10.749649999983376,-0.09127173878400001,-0.5752203767760001,1.2520729014320002
10.830339999985881,-0.7904329003,0.5884113699000001,1.7335467409
10.890919999976177,0.917086814572,-0.8747537178720002,-0.6789083569000002
10.971509999973932,-0.9056707427,-0.036148114500000036,1.1124078764999998
11.052169999980833,-1.41616158662,-0.4817265468159998,1.7965024329100001
11.112779999995837,-0.27219980411999983,0.7652902852799998,-1.737954339664
11.19340999997803,0.41140352961399995,0.3314190527519999,-1.270633057178
11.334579999995185,-0.10897139239800004,1.0176453640079999,0.767155953036
11.415239999972982,-2.4966090789280004,0.4026122047920001,2.6703356024340006
11.495899999979883,0.45372492437999995,-0.4019879720799999,-1.708914537976
11.556439999985741,0.328958855986,-0.420567078944,-3.3126557669740007
11.69761999999173,0.78398658423,0.5343828230899998,0.4639303009000001
11.778279999998631,-3.1457760490199997,-0.11669149423999982,4.137554000940001
11.838759999984177,2.0674795627999996,-0.27535361252800006,-5.834471201696
11.919419999991078,1.0430585689599998,0.5005454547200001,-1.95153175616
12.000139999989187,-1.1936796653439998,1.05763374688,3.318047721792
12.060619999974733,0.14279505072999993,-0.25041034042599997,-0.760010148656
12.141279999981634,-1.5913769867,0.0025508899000000473,3.56749094235
12.22196999998414,2.1794031551479995,-0.3886647282959997,-4.349409748974
12.30262999999104,-0.10257628004,0.9594380030799999,-1.5733982535000004
12.443799999979092,-0.6893449438239997,-1.05007888124,0.19819339032000002
12.504349999973783,-0.8720162456319998,-1.0272734499840002,2.484289722496
12.58497999998508,-1.7046112461479996,0.6242407891039999,2.959417735596
12.66569999998319,2.1134664287345792,-0.31075814893776293,-1.5496739975241338
12.746350000001257,-1.830062638372,0.056891192480000005,0.20126402835600005
12.806839999975637,0.231406080608,-0.49874127356799997,0.524628272208
12.887529999978142,-0.22900081278000003,-0.3029559715080001,-0.52500200722
12.94804999997723,-0.5874080612159999,0.14371974755999997,0.650296814896
13.08918999999878,-0.4565921365000001,0.11061316942000002,1.59694485474
13.169880000001285,0.10383548540800003,0.409027570176,-0.502871005952
13.230389999982435,0.42230402777599985,-1.0668018078040002,-1.8715780249720002
13.311049999989336,0.28516109432600006,0.6448241145160001,1.097141113828
13.391709999996237,-1.1860139774200003,0.4681368043400002,0.18418485565
13.472399999998743,-0.39999557297200017,0.4297544089160001,-1.073580613428
13.532909999979893,0.145148385456,0.03164816225199999,0.514040418716
13.613569999986794,-0.8188035875,-0.3797913737499999,2.4029978780000008
13.694229999993695,0.28080040178,-0.5776441939920001,1.223804134496
13.754749999992782,1.3083584017399998,-0.29429643502,-1.97303188839
13.835399999981746,-2.7054387703480005,-0.2520491479960001,3.207285970148
13.916089999984251,-0.25505012609800004,-0.088141748568,-0.1368756882
13.976639999978943,1.6447528299999998,1.0185244775,-3.5195463025000002
14.057299999985844,-0.47775400124800016,-0.5137743016120001,1.6751626327640003
14.13792999999714,-1.9033963319040001,1.468820655408,4.30261540623
14.198469999973895,1.5691580837999997,-1.3410367338500002,-2.34345624413
14.2791599999764,-1.1591272231239997,-0.18377916178799983,-0.192262970732
14.359789999987697,-1.6791405678404834,0.8482188265104116,1.9815210275332318
14.420339999982389,-0.31104427567400006,0.66668404218,0.31273553626800005
14.500959999975748,3.023622439958,-0.7562489846440004,-3.082492070948
14.581649999978254,1.5564827219719999,-1.1763463547520001,-3.7156214348680003
14.662309999985155,-3.4378410350080006,2.7167237593440006,1.9496929163999999
14.722789999999804,-1.5314952685000003,-0.5030334095000002,-0.7644403825000001
14.803479999973206,-0.4938598646,-0.054748355208000005,3.3324037012800005
14.884169999975711,1.7783095674200007,-0.08657934974000009,-4.036463949860001
14.944659999979194,1.5635514639999997,0.47413170399999993,0.6669365744
15.025379999977304,-0.02217295540400003,-0.32400743144399996,-1.763170837708
15.105999999999767,-0.334401308768,1.322664856,-0.932172803488
15.186689999973169,-2.092132140236,-1.0377211099139998,2.3107321828920004
15.247179999976652,0.6357610960319999,0.6383657932320002,-0.739155932052
15.307730000000447,1.1066547954980002,-0.26587847791,-0.400119168644
15.469039999996312,0.62285698108,0.07821625784,-0.5568148983
15.5295599999954,-0.24890108374999995,-0.7904889374999999,1.6266647075
15.610249999997905,0.33665771012,0.291907646632,-0.6346898461920001
15.690899999986868,-1.1604816024760003,0.33380071926799987,1.9997051131379997
15.75144999998156,0.6837461082720001,-0.08574357096000002,-0.109842034864
15.832079999992857,0.32629970423,0.26058517347999993,0.579453898538
15.912739999999758,1.4535858956780001,0.7859290709680002,-3.241669507544
15.973279999976512,-0.17510934855200003,-0.409163824598,-0.018407258586000005
16.053939999983413,-0.13669931904000002,-0.11520401472000001,0.35786341039999997
16.1951199999894,-1.1691135770919998,-0.30405231424799983,0.15157844940000004
16.255629999999655,-0.821195236292,-0.19084069961599998,0.770953590148
16.336289999977453,1.4739996886199997,0.3728783563099999,-0.9775141893700001
16.39680999997654,1.1527328543959994,-1.0338980712999999,-0.9041737643559999
16.558149999997113,0.8264801490079997,-1.9583098060799997,-2.7341297440320003
16.6186699999962,-0.307830675684,0.582192903828,1.107011547668
16.699329999973997,-0.6772287143559999,0.880006875156,-1.084710379552
16.86066999999457,1.6279920310179998,-0.545074920252,-3.429625590068
16.921189999993658,-0.48184217179199995,-0.28511615294000003,0.8966835059
17.001879999996163,1.7087599420079997,-0.9057507082959999,-3.4014957951520004
17.08246999999392,-1.1529984405020002,0.312149394592,1.1798193486500002
17.163189999992028,-0.7587008346520001,0.25354611883800005,-0.002710681472000008
17.22367999999551,1.112558718112,0.05531532977599983,2.407682727984
17.304369999998016,2.3486710163200004,-0.20550197970000017,-3.8690139019
17.38506000000052,-0.9747736541600001,-0.6361530906,0.7174390537199999
17.445539999986067,-1.674188353248,0.13747614786400017,0.08428809854800003
17.52619999999297,-0.001170191752000005,0.39005295549999996,-0.743700683162
17.58674999998766,-0.30318157049199995,-0.6931658732360001,1.8609507666999998
17.66736999998102,0.41155126448599993,-0.4231106703480001,0.585878190404
17.748059999983525,0.08881017564399993,-0.7203554825399999,-0.063293882004
17.808609999978216,0.6347751187839998,-0.2895373726,-0.703572462536
17.889269999985117,0.23343550987799994,-0.6179487181600001,-2.9650335587180003
17.969899999996414,0.564586033708,1.19528273241,-0.181845022808
18.030469999997877,-0.47497492163599997,0.9948870053239999,1.6214534961479998
18.111109999998007,2.962389447892,-0.08169497132000036,-1.742132655644
18.25228999997489,-1.2965490477919999,0.915997855476,-0.11452241506399999
18.33293999999296,2.350371793704,-0.16171436819599996,-2.787340426786
18.39348999998765,-0.8134934104079999,0.6062134941480001,-1.2220828771080001
18.53466999999364,-2.851072281648,1.8919512781599999,4.818004819487999
18.615319999982603,0.6481972617520002,-0.791485954732,0.005992479732000004
18.67583999998169,1.3268184747960003,-0.7981433296760001,-3.8850579838140002
18.756529999984195,-0.07318304589000002,0.19057296393800002,-0.234000884056
18.837159999995492,-1.5240165946320003,-0.7595180757159998,2.379082746352
18.91783999998006,1.8965438242080002,-0.11331615196800014,-2.3247970097120003
18.99849999998696,0.07799652233799999,0.255515264108,0.833588682064
19.05901999998605,-1.2583826371020002,1.137799885296,1.8806127252520002
19.139709999988554,0.4584374897,-0.24608060580000005,-0.6675566024
19.220329999981914,1.12679680228,0.15839644969999997,0.04147014019
19.280879999976605,0.747087747076,0.42103906333600005,-1.063889229872
19.361509999987902,-0.9171049286720001,0.149789630436,-2.552639351708
19.442199999990407,-0.68467266938,0.1658543992,-0.09214346478000002
19.502739999996265,-1.273373486817051,0.7243225793221331,2.2022636438074907
19.583399999974063,0.56511520472,-1.2339439184599998,0.17911232554
19.66402999998536,1.6163429576000004,0.08680545129999999,0.2854785092
19.724609999975655,0.430931642388,-0.12997868497600001,-0.568745419918
19.86577999999281,-0.14949351178,0.19660708044000005,0.41558306405999995
19.94643999999971,-3.143659912299999,0.16407731547200025,3.9016307087040003
20.02709999997751,0.27979815797,0.3584396013740001,-1.370437149956
20.087639999983367,-0.25764201999200004,0.16008742298000003,1.5067305731760001
20.168269999994664,0.06560853166399996,-0.457403247428,0.11689667538800001
20.26909999997588,-0.23639585639,-0.5772476972599999,-1.04749702447
20.430449999985285,-1.1820427060600003,0.16955396948000004,0.74134858344
20.490999999979977,0.4875062730720002,0.03419868624000004,-0.6693441592
20.571649999998044,-0.010397026276000023,-0.7678935747960002,0.38666342104
20.71282999997493,0.352039003516,1.7223177167159998,0.980685949176
20.79348999998183,0.38985556513599995,-0.11857057842199999,-0.65764538257
20.854029999987688,-1.9396118066999999,0.5892952523,2.0625803624
20.934659999998985,1.024505433982,0.27382845191,0.0734911746
21.07585999998264,1.048562046462,0.5162543820400002,-1.572806276236
21.15651999998954,1.2366871527999999,0.3763939017279999,-1.8519106914880001
21.237209999992047,0.07056477090199999,-0.4827581165319999,0.27077708609
21.31783999997424,-2.35845154372,-0.24138415903600008,3.385744937148
21.459039999987,-2.0997551515920003,-0.4256743651720001,2.930121542072
21.5396999999939,1.8757576115640002,-0.412067275964,-1.391354097704
21.6203600000008,-0.5160343432,0.7459599289600001,1.0386640672
21.68087999999989,0.550324839424,0.886082678464,-1.7814138507519999
21.76158999998006,-0.914834646684,0.10647294711599999,3.0638160539040005
21.822079999983544,0.8443846007000001,-0.3484623807,-1.6584021071000001
21.90276999998605,0.885374869788,-0.44622000603599987,0.12214481408
21.98342999999295,0.36650461234,0.2729293549,-1.8560216919
22.0439399999741,-1.5765895483799999,-0.2727251745399999,2.81499841706
22.124599999981,-0.32381121718399997,0.742123551904,0.9854173974240001
22.18511999998009,0.62210495851,0.63587715472,-0.8275555239400001
22.26577999998699,-0.06469527958999996,-0.7573693529180001,-1.226427752528
22.346429999975953,-0.6965295524600001,-0.048534217179999964,0.01045234782
22.48760999998194,0.5069813477,0.30271944654000005,-1.11286112923
22.5481499999878,-1.469324388698,0.25092491048800003,2.347138494846
22.6288099999947,2.083272473532,0.44176527055599957,-2.550071018104
22.709469999972498,-0.93830756605522,0.2252752143335875,2.5938005809050844
22.790159999975003,0.42452361431200003,-0.398914173824,-1.7919681833519998
22.85067999997409,-1.577637492448,0.3082926222239999,0.740599001648
22.911189999984344,-1.199654864608,-0.48142416322,0.183640112366
22.991849999991246,2.5991885592319997,-0.5743964614879996,-3.4732528934019995
23.052399999985937,-3.1831713252320006,0.61499371764,5.719358716652001
23.133019999979297,1.6708606399680002,-0.52834616112,1.0173604278080002
23.213679999986198,0.272977037224,0.6326298582380002,-1.181119135806
23.294369999988703,-1.9768905875500005,-0.09986342030000012,-0.39641171890000004
23.354859999992186,-0.3720003580119999,-0.39216778420399995,-2.1820197978839997
23.435539999976754,-0.27962931149199993,0.467941278378,2.135823155
23.51622999997926,0.08485162583399997,-0.7133994736080002,2.140586454368
23.596859999990556,0.3622355146799999,0.34153403649,-0.35449327981999995
23.657409999985248,1.76612720044,0.11215677989200007,-3.291760346292
23.73806999999215,-1.081157774252,-0.36394249883400004,1.110758995966
23.818719999981113,-0.5677900142000001,0.6664412082600001,0.8149957908
23.899409999983618,2.6717978157,-1.1274050187,-0.8017078851100001
23.98006999999052,-0.257185998218,0.934722083188,-1.78653987029
24.04061999998521,0.44379002073599993,-0.348339850452,-1.9973247822479996
24.12123999997857,-1.6087215920279998,0.9338916939900002,1.9289097884780002
24.181759999977658,1.7011723301280004,-1.076604373632,-2.905148826896
24.26241999998456,-0.36153024134,0.215542680364,1.569380877216
24.32296999997925,-0.694250142296,0.711963076584,-0.23273254207600003
24.403619999997318,-0.09686382470000002,-0.06688180290000002,1.7345621057000002
24.484279999975115,-1.155644636384,-0.19852805092800002,1.8889541496000002
24.544769999978598,-0.683865791608,0.5847905253239998,1.291923093226
24.625489999976708,1.20034224576,0.09028321903999997,-0.25322215872000003
24.706139999994775,0.27387241699199993,0.0014280460319999952,0.5903327873440001
24.766659999993863,-0.22424366456400002,0.296960351152,-0.031880588716
24.847320000000764,-0.015051185580000001,0.126012628876,-2.149373391992
24.92797999997856,0.079184583384,0.10998623852600001,-2.1050511700139998
24.98851999998442,0.9106964064079999,-0.01665642371199986,-0.8079151110719999
25.06917999999132,0.960763428444,0.21911056889000005,-1.776193194604
25.14983999999822,0.21014135596599995,0.351416887964,-0.5761251303639999
25.230530000000726,0.4099389675779999,0.17431249780799996,-1.28844725534
25.291039999981876,0.039332155484,-0.04055992967599999,-1.0784473837900002
25.371669999993173,0.9595263313119997,0.014612593528000015,0.675085073314
25.45235999999568,0.569194330104,0.12194416924000007,-1.104800980972
25.512879999994766,-1.8091193401400003,0.09172800201999975,2.8602608919479997
25.59352999998373,-0.42393036867200007,0.706308988924,-0.8343665387
25.674219999986235,0.7761217085924772,-0.001269038109857585,0.5494515560436669
25.815399999992223,-0.9228664138839997,0.5169950918839998,0.19700921283
25.89608999999473,-0.26806181929000006,0.4782117554799999,1.325900860872
25.976739999983693,-0.13964296438999985,1.024794531838,0.045726245868
26.037229999987176,0.11318354318373773,0.3962995837454765,-0.1398746584084326
26.11791999998968,0.16138101574,0.26337656338000004,1.53959642138
26.178429999999935,-0.1917203671200001,-0.18729967371999998,0.73370507976
26.259089999977732,0.011043435939999985,0.7728829885259999,0.455139913732
26.400299999979325,0.6728307759119998,0.346703483972,-1.4461588458239998
26.480919999972684,-2.5313293652799995,1.1459525215999997,3.21323552976
26.54146999999648,0.5314979192280002,0.946672026294,-0.7554415783620001
26.622129999974277,-0.25280228281999995,0.365917618728,1.5268645380760002
26.682649999973364,1.1176505302999995,1.6420578472999998,-3.84541234815
26.763299999991432,-0.810188297188,0.8974772930139997,-0.30974724552200006
26.843989999993937,0.4461623919439999,0.2678411613860001,2.7080792309980004
26.90447999999742,-0.35051849503200017,1.0528221327520002,-1.065460251096
26.985169999999925,0.2544595739999997,0.6629530865100001,0.04490795630000001
27.06581999998889,-1.3372748935999996,-0.2683080028000002,1.5100207712
27.126309999992372,-0.5986381821619999,0.07906629694199996,-0.240508038772
27.207029999990482,0.35204517844000005,0.6138511975119999,-0.290307101296
27.287659999972675,-0.3784295896359998,0.3997027366360003,1.8526626027479998
27.348199999978533,-0.014321125099999991,1.5829863354500002,-0.012003579849999974
27.428859999985434,-0.5155516661399999,0.3049716581800002,-1.0811185304000002
27.48937999998452,-1.1404932882581373,0.2950009059029408,-0.5591928986872495
27.570039999991423,-0.19290458689999995,-0.028590891100000005,0.28689125820000005
27.630549999972573,-1.3040658671999998,-1.1653195488000005,1.2534545624
27.711239999975078,0.3359347341199993,2.098237241396,-2.2670449869279996
27.79189999998198,-1.462277693026,-0.3855701832600002,-0.039855222996000014
27.933069999999134,-0.36450902168800026,1.796709024084,0.32095938289399994
28.01372999997693,0.15796138023999984,0.4334654880599999,1.8988661630800003
28.074259999993956,-0.12430176057199954,0.6270882942839996,4.97126150096
28.15488999997615,-0.80516113354,-2.9140181263099993,1.95717387918
28.235539999994216,-0.08541857857199907,2.6828581332679993,-1.2704906573640002
28.31622999999672,0.60757023272,-0.209465167968,0.127805059392
28.37674999999581,-2.0355148680639994,-2.68043197712,2.892861207104
28.457439999998314,0.16954310040399992,1.541068597964,-2.69162789704
28.538089999987278,-0.5446111784080001,0.30773690363999995,0.470154757736
28.59863999998197,-0.20026884291399957,2.286410202422,-2.2196572978000004
28.67929999998887,-1.5968809923119995,0.38722956449800044,0.224246664852
28.759959999995772,-1.6283870304999999,0.46806731400000023,0.2363840609
28.84061999997357,-0.039659531476,0.154246719152,0.31302288009
28.901129999983823,-0.056904588863999975,0.011051535040000005,1.3105161943360002
28.981819999986328,0.05599734784800006,1.0444634953899998,-0.9772620295380001
29.122959999978775,0.39852239768600006,2.417055052724,-3.462479489932
29.20364999998128,-0.800376553784,1.145907020708,-1.9203570551800002
29.28430999998818,-0.016527434799999893,-1.2377964219679995,3.359978641872
29.344859999982873,-0.1937817060000001,2.3146889849999996,-2.34151608625
29.425479999976233,2.56599954864,-1.7198910868000001,3.5849923791999996
29.506169999978738,-0.28332615975,-1.2754875000719998,0.35140416014200004
29.566689999977825,0.09076186016000022,-1.4838448921,0.009801501143999997
29.647349999984726,-1.0952322680479998,1.9336063763840001,-2.240808731328
29.72803999998723,-0.8048936790599999,-1.3370782920920001,3.2845005707159998
29.788549999997485,0.6978879427900001,1.3249184620299999,-1.7473598329200002
29.869209999975283,1.3818566364,0.8183981827000002,-1.5516208368
29.949869999982184,0.8435322038159998,-3.6930762158280004,0.911522480178
30.01044999997248,1.5109759289639997,2.06884846506,-0.814938419424
30.091069999994943,1.0195226412000002,-1.935901675616,1.8190927773760002
30.17172999997274,1.219324824668,0.9648946595400003,0.0019508997799999664
30.252419999975245,1.3010992602359999,-0.899893023964,-0.11064360250400004
30.393559999996796,0.783899842104,0.1876563889919998,-0.386912931472
30.4742499999993,1.4260638044019998,0.3801056328519997,-0.42391757165600014
30.5549099999771,-0.4811830704720008,3.639435724536,-3.310453933364
30.635599999979604,0.39149090224400085,-3.583456806904,2.6842593532720005
30.696109999989858,0.5597691476919997,2.5452624137400006,-3.5341792153400005
30.77676999999676,0.64371139265,0.05970466710000006,-0.35575763404000005
30.857429999974556,1.6055608671080002,-0.6548610492599998,0.54517321854
30.91797999999835,0.7514311775639998,1.2573827109840001,-2.639596691864
30.99859999999171,-0.07174651348800004,-1.960479970836,2.7954983847059998
31.139809999993304,0.8115475642000002,-0.20150144527999997,-0.72217683852
31.220470000000205,1.8624465652039999,-0.09806965202799968,0.30734725546
31.301159999973606,0.8518934629940003,-3.816093268062,3.741702525124
31.44232999999076,1.2297332040880002,1.2202122965200002,1.0468781550959998
31.522989999997662,0.29375866513800003,0.9373181087820001,-1.382764426292
31.583539999992354,0.5200327568480005,-1.560983455024,2.472307218432
31.664159999985714,0.17904262264800042,-2.4743286257779995,4.144355566424
31.74484999998822,0.7574929867399999,1.04486532392,-2.59657899034
31.80539999998291,0.69989969174,0.048970122479999906,-0.56964240578
31.886029999994207,-0.3224109719899997,-2.57974964482,0.022053173320000008
32.02722999997786,-0.3723076215279999,-0.7192161129200001,1.8450734624940002
32.107889999984764,0.030029078383999933,0.5390606020280001,0.225445979216
32.188549999991665,0.6300218114999998,0.5835807178600001,-1.16219592018
32.249059999972815,0.8652248629920001,-0.39952317237999996,1.550402176108
32.32974999997532,0.07971742139200003,-1.835976109928,3.414935595596
32.41040999998222,1.122956288736,2.2315495741760003,-4.113754605184
32.47088999999687,0.2770351994959999,-2.2572107724639996,1.134897114424
32.551519999979064,1.0678323642399998,2.2212327783599997,-2.2163905464200004
32.63226999997278,-0.8470367576200002,-2.0039033074759995,1.242031737828
32.712899999984074,0.488265710432,0.3733650201280001,0.869197508384
32.77341999998316,0.45025250451199994,0.520030238544,0.85784954902
32.85409999999683,0.281237913168,-0.6851575055200001,1.6876339751999998
32.93475999997463,0.46864615494999995,3.39433735704,-7.33015424615
32.99527999997372,1.0126337719880005,-3.3778364629920006,5.6588735190640005
33.07596999997622,0.7173377112679997,-2.17145722006,3.084640680796
33.13647999998648,0.31846036880399986,2.068069532876,-1.9416844118519998
33.21713999999338,1.2546727149000003,-1.3264407812699999,1.2107755854100002
33.35834999999497,0.93613886528,0.47261677600000007,1.3871414984000001
33.43896999998833,0.20190279929599994,0.467106227056,-1.603442988604
33.519659999990836,0.3314608491999999,0.81833650555,-0.025059425610000005
33.58017999998992,-0.08774631231999998,-0.7378475662400001,1.37279999616
33.660839999996824,0.8150856484700004,-1.470558321996,0.7533100976680001
33.74148999998579,0.4546197666799999,-0.4300922694999999,0.34816156554000005
33.80203999998048,-0.38656914684399996,0.8876435313959999,-1.584393472764
33.882669999991776,1.2764860467840005,0.0750868031680001,1.2193029135359998
34.02390000000014,-0.33480327080400024,-1.3756325631160002,1.918906114034
34.10455999997794,0.25740846425599995,1.2333889600619998,-1.9522973570820001
34.16504999998142,-0.0010225106759995523,-2.159498213964,1.0616045607960003
34.24570999998832,-0.28510894821800004,-0.09877289468000003,1.2063407529540002
34.386939999996684,0.18314164531000002,-1.0253147601280002,0.007882179174000001
34.46756999997888,3.0450335502679997,0.025511364772000354,-1.1091742964680003
34.54825999998138,-0.017783341823999974,-0.685583607904,1.32201989712
34.60873999999603,-0.9247185515999999,0.5015753327999999,-2.9916821804000002
34.68939999997383,-0.23385531432000004,-0.5065293277599999,-3.89005978448
34.77005999998073,-0.6578651612519998,-1.517653908004,3.278975569144
34.830569999990985,1.1653909202579997,-1.4940805261959997,-2.231671035916
34.911289999989094,-0.352349469488,-0.18253350421199993,-1.1965187150040002
34.99192000000039,0.697575855104,-1.192065419072,1.10012520352
35.05240999997477,0.3535261591770646,0.9612042905110416,-1.0367162243648886
35.133099999977276,0.9176442703799998,0.07101487713199992,0.713625144692
35.19360999998753,0.4611978110639999,-0.438594785184,0.077716267368
35.274299999990035,-0.27786584033799994,-1.12211607466,-3.175529385768
35.35493000000133,1.228161439563954,-1.9113907052028578,4.230625056465964
35.415469999978086,-0.7736042679999999,1.3881890932499996,-3.24771431625
35.49612999998499,-0.166280781564,-0.23629408879599997,1.0339129557239999
35.55667999997968,-0.4063010260599999,0.9670314388719999,-0.5942986694519999
35.637309999990975,-0.015686898688000044,-0.654130339328,0.8896579950079999
35.71799999999348,0.9687634978439998,0.9528645867919997,-0.600087033862
35.77850999997463,0.4143714514103703,-0.8054219836101493,0.5842724074064959
35.85913999998593,0.25647443198199976,-1.556251429072,-0.16139815550800002
35.919659999985015,0.2168722287360001,0.6136699046399999,-1.342890828416
36.00030999997398,0.44330698799999985,-1.2363941127999998,0.7576055496
36.08103000000119,-0.7128504269339999,0.17746382380999992,0.474858375552
36.161659999983385,0.21509159180000023,2.0223971618019996,-1.9790594033400002
36.22220999997808,0.02764892637600007,-2.3345710928320003,3.17512148804
36.302859999996144,1.45681058936,-2.550696123526,2.9515387679860003
36.44406999999774,-0.17079534210000002,1.6341563157999999,-1.4605905958
36.524729999975534,-0.12312510792799998,1.3466903302479998,-0.514827944872
36.605389999982435,-0.024257792832000098,-0.8726958705279999,-0.0169094712
36.746589999995194,1.065310597438,0.3143811913119998,-0.8331601471479999
36.82724999997299,0.9406220145639997,-1.7226354971479998,1.050062125468
36.90790999997989,-0.8548254468339999,0.5253756402359999,-0.616264587606
36.98855999999796,-0.17136059961200004,-0.33804598643199996,0.806620179668
37.04907999999705,-0.11604119271999999,0.07281553079999999,-1.8831349608399999
37.129739999974845,0.316157466404,-0.20994993792399994,-0.5951020383960001
37.210459999972954,-0.5531998099199995,1.272518905576,-1.9195206150059998
37.351599999994505,-0.4451854678079999,0.332400336452,-2.306622110252
37.432260000001406,0.5203177308040001,-1.5128308653399998,3.081952603274
37.4928399999917,-0.3004339764199999,1.34194357666,-2.59724856092
37.57342999998946,-0.05804038474999988,-1.9680064445000003,1.0417117495
37.65411999999196,1.65361945182,0.9767022864600002,1.16170933178
37.71463999999105,-0.061857228801999994,-0.31542152052800004,0.12407307246200001
37.775119999976596,0.42224062732999973,-1.79217190125,2.3887861528400003
37.8558099999791,-0.34580706008799966,2.912726710321999,-2.744211317402
37.936469999986,0.6056507386799999,-0.6271247000200001,-2.14583873304
37.99698999998509,0.7440100225999999,0.26435731919999994,-1.1700597501
38.15832999997656,-0.28829917318400006,0.8499115634759999,-0.7632747058160001
38.218849999975646,0.532007367968,-0.7147059807819999,2.1142489902920003
38.29950999998255,0.8413974229599999,0.09968683775999984,1.1247072739200001
38.38019999998505,0.833280069984,-0.137420062864,1.091862903056
38.460849999974016,0.34787461166799993,-1.7841198650759997,0.29093900130000006
38.52139999999781,0.43221509752799997,-0.17375390417599998,-3.019428150152
38.60205999997561,-0.5664638820159998,0.07573665622400001,-0.40711576048
38.743229999992764,0.7264788035120001,1.5729155001319999,-1.58635432986
38.82385999997496,0.688807702312,-0.820043555804,0.582475477216
38.904579999973066,0.448232064452,0.21905851146400002,0.585113125888
38.98523999997997,-0.7643516619319999,1.2757887748439998,0.7124282699200001
39.04574999999022,0.10724150203399992,-1.2006013059319998,2.1211928081740004
39.12640999999712,0.664591819,0.9762581811200001,-1.83584893436
39.20709999999963,-0.48433911036000016,-1.2096148433399998,-1.8074950733200001
39.287759999977425,0.02568142473000004,0.28479316425999995,0.41131531148
39.34826999998768,1.32768346648,0.23907043719000004,-0.15687589937
39.428899999998976,0.25997322767600023,1.1675577319819999,-0.453237331354
39.509619999997085,0.14893735466,0.275570920368,-1.080254638072
39.59024999997928,-0.5913695499799999,-0.34492845872999994,1.1222130672000001
39.65072999999393,0.4243485340399999,-0.412714130592,0.8631717942560001
39.73147999998764,0.671437935428,-0.24075139201599993,0.054173639504000004
39.81210999999894,-0.6441900792,0.05361146103999989,0.45342730200000003
39.872629999998026,0.8126039238199999,0.5042972191399999,0.5058008719200001
39.95328999997582,-0.50428396,0.19529852800000005,-1.144431328
40.01382999998168,0.8062819557774011,-0.5497704577096918,-1.2597486164763916
40.094519999984186,0.08544722778999995,-0.6500461279199999,1.133172307928
40.17511999999988,0.6946445417119999,0.7790140356519998,-0.7140193524840001
40.23565999997663,-0.32033639103199996,-0.398156127784,-0.064325107536
40.316319999983534,0.03767643285200002,-0.21453976139399997,1.056041815378
40.39700999998604,-0.8155068773559997,1.2682492048060001,-0.7844883828479999
40.477639999997336,-0.668755438796,0.018383856272000114,-0.31603273860799996
40.53821999998763,-0.4383171593739996,-2.040162369196,1.673616515076
40.61883999998099,-0.6431593955199999,-0.06003121715200002,-0.17631931241600002
40.69949999998789,-0.08491950971600025,2.3549234470560005,-2.16677874998
40.7801899999904,0.20771925493800006,-0.3580885744099999,0.12200965863200003
40.840709999989485,0.6787479245,0.7305810773879998,-1.036550934038
40.98187999997754,-0.20957004544000007,-1.2832214403200002,1.15036668416
41.06253999998444,0.1495633699760001,0.6084494799160001,-0.85435683632
41.12304999999469,0.5884857313280001,0.315050800224,0.17403727262399998
41.2037399999972,0.43896052059199986,1.2686944840560002,-1.070052363792
41.284399999974994,-0.9143332276262436,0.9117589186617432,-1.842296548805223
41.3650899999775,0.545954445504,-2.8928929190800003,1.397765760816
41.425539999996545,-0.771843612344,0.587085778808,0.3121150887
41.506259999994654,0.5422991077880001,0.3710180520179999,0.13468956692200001
41.586920000001555,-0.9883097233260001,-0.03810261852399998,-1.744553226154
41.647409999975935,0.7730614506880003,-1.74263204288,3.1053310848640003
41.728069999982836,-1.453868324868,2.989258293956,-6.067660736756
41.808809999987716,-1.120029788526,1.756041012948,-2.053605660834
41.88943999999901,-0.567622470148,0.17194531339200003,0.9486417499540001
41.9499599999981,-0.22740345526,0.10119923163200001,-2.051913755472
42.030650000000605,-0.582510392608,0.10822392366400008,0.48797960650800004
42.111269999993965,0.09553698735999994,-1.0958213207199998,0.48947589077
42.19195999999647,0.2661701690800002,1.3262347919279998,-1.067747248332
42.25247999999556,-0.7855020382400001,-1.9565394289920002,1.1516298614079998
42.333139999973355,0.05106789757800004,-0.42877897616,1.1418329402760001
42.41386000000057,0.31780919425600007,2.023101442096,-2.881223303824
42.47430999999051,1.2508054386240002,-0.022524749823999966,-1.0536147189440002
42.55496999999741,0.12130101797399984,-2.05659264734,1.9126736168940002
42.61554999998771,0.05602507507599997,-0.14160393637999996,-1.436354500868
42.696169999981066,0.4404025152,0.7819368092159997,1.088955184472
42.77679999999236,0.22689395663200002,0.6153734732039999,-1.9687854845679997
42.837349999987055,0.60904079664,2.0890318404799997,-2.79541319664
42.99865999998292,-0.054721962399999935,0.6172570792,-4.4304204376
43.05920999997761,1.017563174276,0.913283197636,-3.963202467340001
43.13983999998891,-0.09901112725200004,0.442851731676,-2.250384498012
43.22055999998702,0.31958995059600004,-0.18510406134399998,1.29865679612
43.30124999998952,-0.2807972064500002,1.1425171339999998,-2.0479017708500002
43.36172999997507,0.12836924170000005,-0.47711893533999994,0.44125886042000007
43.442419999977574,-0.200167551744,0.010930778256000005,-0.7929868597119999
43.50290999998106,-0.3503910144159999,0.9896476738559998,-0.09765363616
43.66421999997692,-0.19958410414399996,0.485253385676,-1.527043525476
43.74490999997943,0.25581155790399995,-1.682192710544,1.876210153456
43.805429999978514,-1.2001597310599998,0.9205629175200001,-1.69764285849
43.886089999985415,0.10224926386600004,-1.029255435394,1.8342617387320002
43.96673999997438,0.3425754451199999,-1.65720710548,3.20061602636
44.047429999976885,-0.3964399548320001,1.5117634626679997,-4.10021185176
44.128089999983786,-0.41814157509999994,-1.9670106982,2.6508762590000003
44.18860999998287,-0.00236560272000029,-1.80177720698,2.63786124586
44.26926000000094,-0.6855263486119998,0.684922643884,-1.9626371327400003
44.34994999997434,0.302241177828,-0.695959094668,0.604972968388
44.41046999997343,-0.322728091798,-0.06948828220599997,-0.153121224872
44.491159999975935,0.04350939245199996,-0.732020828944,0.89433595798
44.63232999999309,-0.30237008027799994,-1.064593140122,2.2949370459720004
44.71295999997528,0.930104041852,1.4646946690819997,-3.5917317124140005
44.77350999999908,-0.6622192665999999,-1.361338853628,3.288006018008
44.85412999999244,-0.025781467999999932,0.48843486199999997,-3.125424006
44.93481999999494,0.017289050995999995,0.309148119256,-1.4022344998
44.99533999999403,-0.15036512677999997,-1.8796948209099997,3.69949370997
45.07600000000093,0.008319716632000075,1.5906523868079996,-3.020421883072
45.156649999989895,0.43577232659200016,2.3957872530559996,-1.9278567813119998
45.21716999998898,-0.02970341337199999,-0.054376505612,0.09567549978800001
45.297829999995884,0.18865168319199996,-0.51389110076,0.176850967208
45.358379999990575,0.17473282241999996,0.347867263864,-0.168595683396
45.438999999983935,-0.726040366594,-2.56364396566,1.9785785344779998
45.499549999978626,0.23259443105600003,1.3612890451680002,-1.585045876848
45.58020999998553,0.16399669168,0.90510068352,-1.1492579484799998
45.64069000000018,-0.41443677219600006,1.456310479608,-1.487237316288
45.72137999997358,0.5606329225979999,-3.3186668335519998,3.2733267290919996
45.802069999976084,-0.8603655532319998,1.5448845233479997,-0.6579606465560001
45.86258999997517,-0.08777467094199998,-0.8990842059139998,0.663362695644
45.943209999997634,0.6850673711600002,1.1328494576139998,0.34420318207600004
46.02390000000014,0.43578882813400005,0.9898186597519999,-1.701731977402
46.10455999997794,-0.11057042168399996,0.36279640241200006,-1.101176377664
46.165079999977024,0.483494471688,0.08268449618000002,-1.5254567138919999
46.24572999999509,-0.09879736903200002,-0.53412697816,1.767586188064
46.3264199999976,-0.04235288611199999,1.9193607865219997,-1.620863784808
46.407079999975394,0.03141025219600005,-1.9761925316679998,2.0880502294039998
46.46759999997448,0.2388803306,-0.45268613607999997,-0.37009983116
46.54831999997259,0.36270612925,-0.09804358707,1.02410240316
46.628939999995055,0.228036073796,-0.26006283688,-0.40498045643600006
46.70959999997285,-0.293866385664,-1.5466194604799997,1.7823453584639999
46.77012000000104,0.35562045600000003,-0.8086047739999999,0.41659365200000004
46.93145999999251,0.17016831803999977,-1.009196599624,0.5464721935799999
46.992009999987204,0.77738337782,-0.44207778107999995,0.7382152004679999
47.072669999994105,-0.8271591190500002,0.9198771546499999,-0.1748534592
47.1532999999763,0.09403393784,-0.7537642148199999,1.21832897694
47.23401999997441,-0.17818784083599998,-1.0630943664160002,-0.369276024184
47.29452999998466,-0.441133003456,0.14158422126000003,1.409003311468
47.37515999999596,-0.6445326470879998,1.527631263384,-1.32289226992
47.45584999999846,0.11478576393600003,0.9831452481279999,-2.1670180728000004
47.53650999997626,-0.47216055005599994,0.1457130899600001,-1.5123125234480002
47.597019999986514,-0.17552288609200017,-1.6470723307919997,3.188885227092
47.677679999993416,-0.8053117617359997,1.21083676466,-1.6684883128240002
47.73822999998811,-0.686657444552,0.6492114659199999,-1.0652695833760002
47.87939999997616,0.8249126492000002,-1.012713813544,0.669131814602
47.960029999987455,0.15408067499999983,-1.4705478811999997,3.273885347
48.040749999985565,0.08092111716000036,2.8176166262080002,-1.9370415691679999
48.10124999997788,-1.2215750264879999,0.14620867144800018,0.292616242584
48.262559999973746,0.334117857336,0.8379304785159999,0.723782761156
48.34328000000096,0.103929704632,-0.460071975032,0.6697659319200001
48.42390999998315,-0.801100528458,-0.9289299666719998,0.03767917958
48.48442999998224,-0.9055017487440001,-0.45925978728800004,1.019645344904
48.56508000000031,0.228730765392,-0.217140140768,0.315076117616
48.64576999997371,0.8705760064399999,-2.333918118856,2.2561006828720003
48.72642999998061,-0.2580062261199998,1.83534975824,-1.177622639724
48.7869499999797,0.0827188035680002,-2.2667027946,0.9261951854880001
48.86766999997781,-1.2678573348800002,-0.6876632160319998,1.1226593343999998
48.94829000000027,-1.27883776192,-0.7271466356799998,1.1092751318399998
49.02894999997807,-1.906848359912,-1.0742673438959998,1.949347413152
49.08949999997276,-1.018707138924,-0.6948720986639998,-1.308491790728
49.170129999984056,-1.4311849907360004,3.1331981813540004,-0.6439317779639999
49.25080999999773,-0.3914855586360001,-2.2052992670519997,1.004289192484
49.31135999999242,-1.307246345334,0.31732971770400015,-1.0147404103500002
49.39201999999932,-0.9069019912159999,-0.8355036993280002,1.881388198848
49.47264999998151,-1.510525165996,1.5171269960680003,-2.502147976892
49.53318999998737,-0.19148017335999973,-1.7387356002940002,2.5126670197100003
49.61384999999427,-2.1775333790680005,1.0760381611879999,-0.2523241294120001
49.69451000000117,-0.9096449220040002,1.027908572588,-1.9344275005000005
49.75508999999147,-2.10981957804,-1.57683591953,1.3726854882400001
49.83570999998483,-1.9783717292,1.0997196040640003,-0.35619724442399997
49.91636999999173,-0.6309671172039996,-2.240153241366,3.845870174524
49.97688999999082,-2.272829698164,1.5693394955699997,0.8206548047860001
50.05754999999772,-1.00994436696,-2.4029769471999995,2.4811100804
50.11805999997887,-2.424294809268,0.21598977459399998,-0.10161236962200004
50.19871999998577,0.353232156308,-1.272505363062,3.0158558522940004
50.27937999999267,-2.387256461154,2.6047497871459995,-2.158336786032
50.360069999995176,-1.2844861895599995,-1.836348974748,0.016033524952
50.42054999998072,-0.8194353090519998,-0.2170055424440002,0.5494332143840001
50.50123999998323,-0.7880731449600001,-1.7699439295559998,2.5913003787620004
50.58189999999013,-0.713838929056,1.0049588532159999,-1.786900022096
50.66261999998824,-2.2434703176640007,2.9815626152799983,-1.5944702567359998
50.743249999999534,0.36231685047200046,-1.6196614706159995,1.6446344278240002
50.8238999999885,-1.7185513940160004,0.09338253827200065,0.11988629084800001
50.88438999999198,-0.8660215878479998,0.8619249636840006,-2.019037324412
50.96510999999009,-0.776928540966779,-1.3981566999892703,1.4622570750570025
51.04576999999699,-1.1666700411519997,1.1814121936440003,0.922245727644
51.10627999997814,-0.66534386975,0.40031657150000016,-0.78393193005
51.14662999997381,0.27599331624399925,-1.753204468268,2.05202677272
51.22727999999188,-1.5431468525000003,1.2500750575000001,-3.4423190975
51.307969999994384,0.9298701729599999,-1.1087792697119998,3.7117562109120006
51.36848999999347,-0.401601603136,-0.572236265696,-1.1380282950080003
51.44917999999598,-1.51998007516,0.3605172988780003,-0.536484530706
51.52980999997817,-0.10477241759999997,-0.0993039428,-1.15674674515
51.61048999999184,-1.116951616,-0.4496905409279999,-1.522853247232
51.67100999999093,-0.8408887060839999,-1.5588588660160003,-0.6278160973799999
51.75166999999783,-1.063136476422291,0.4967877597816423,0.0632922644469836
51.83232999997563,0.3772365648320002,-0.43939476688,0.90267025888
51.892869999981485,0.574688315988,-0.5265807367539999,1.04882602303
51.97349999999278,0.8984091286800001,-0.9358334759999998,1.6171844172000003
52.05418999999529,-1.7760991838120006,0.657943322663999,-1.8003989566679999
52.11473999998998,0.9540643577860001,-1.090975989812,2.0972029046840004
52.19535999998334,0.486178835104,-0.0780380191599998,-0.14910611542400004
52.255879999982426,-0.11699825936999997,-0.21021235027000001,-1.1988997336960001
52.33656999998493,0.6248754752000001,0.28716810241599977,1.0543570730240002
52.47776999999769,-0.032087510992000245,-0.7146152139519999,0.6351550164640001
52.55836999998428,-0.9283414986559997,0.40656789804000015,-1.9448746545439999
52.61891999997897,0.818407428228,-0.31350014202800025,1.4399178303400002
52.69956999999704,0.4210903825379999,0.38184192625399993,-3.1860283319560003
52.86091999997734,-1.1209037734060001,0.15606078072800006,-2.75116811309
52.92143999997643,-0.270858595948,0.8612311771800001,0.509460532508
53.00212999997893,0.46220982686199996,0.10794540777999989,1.2057651775740001
53.0827500000014,0.7844476860099999,0.41421683342000004,2.7375605179
53.1634399999748,-0.275050567748,-0.11537075737600003,0.07750624543599999
53.22392999997828,0.07759471768800001,0.2323767882639999,0.031828571384
53.30461999998079,1.6149685870039998,0.14337406302799985,0.8746025044600001
53.385269999998854,0.8187184122,-0.10775768096000016,1.7126712624
53.44578999999794,-1.141455588608,0.617532211264,-3.5028006468759996
53.52648000000045,2.074738232192,0.22567388583999992,3.165510508272
53.586999999999534,-0.29069339392000004,0.36534253339,-0.47332566201000004
53.6676499999885,0.14293200572400003,0.19098506562399994,-0.6081544819
53.7483099999954,-1.5597035386799998,0.2655581933279999,-5.797002213934
53.88951999999699,1.2613158761360002,0.6872226455839999,0.5388008567679999
53.97013999999035,-1.9471009060140003,1.483770334704,-4.035137129430001
54.050889999984065,2.4121214864000002,-1.2913705392,4.427040467199999
54.11137999998755,1.4752429008679997,0.24017338733199994,3.3832726081
54.19203999999445,0.09126273131200002,-0.175458540938,-1.329383838746
54.25258000000031,1.0151354457000001,0.7578298993900001,2.2449560812000002
54.333239999978105,-0.2884919925,0.08097446493999999,-2.2567630648600003
54.47441999998409,0.41168504784000004,0.39968664432000006,-0.37956177567999994
54.55503999997745,-0.3335584997880001,0.9469498624979998,2.5438128871759997
54.61559000000125,-1.5426122029399996,1.23260249002,-1.8990074004400004
54.696249999979045,1.09835163015,-0.132324530364,-0.413041455276
54.77693999998155,0.02627466223230311,0.9398414097164322,-1.7681726363999162
54.837449999991804,-0.5262907929759999,1.198813426888,-0.11284287827200004
54.918109999998705,1.345901435116,0.9423622125759996,0.18870158111999996
54.9987699999765,1.0482151271879998,-0.06875594113800013,1.7330616639400003
55.0593200000003,-0.09442540428400008,-0.23777764043599992,-1.517034503756
55.13993999999366,0.0794952230400001,0.37928158306000004,0.15877018488
55.22065999999177,0.17003804414399998,0.06007454492399998,0.5880012893959999
55.30128999997396,1.5345694604920002,0.628415396668,2.233352568452
55.36180999997305,0.33176311485800003,-0.2562920116280001,2.961736745304
55.442459999991115,-0.6339126711559999,1.26601165554,-6.132163340090001
55.58366999999271,0.36824152972800006,0.739333356672,-0.61224974592
55.6642999999749,-1.152514798606,0.42347236835200036,0.5000360453199999
55.74500999998418,2.12272363386,-0.73181779796,1.5943592578799999
55.805529999983264,0.4120383820159999,-0.37214963588800015,-0.039676274432
55.886189999990165,-0.28001531641999994,0.40907475825999995,-0.42000061886800005
55.94670999998925,0.13091671661400003,0.126151167186,2.012461157492
56.027359999978216,-0.3879991480800002,-0.5140207331600001,-1.1158993670400001
56.10801999998512,0.5238507145840002,0.8043980255279999,1.1637718605279996
56.168539999984205,-0.1148216208960001,-0.3174068220919999,0.19178668838000001
56.24922999998671,0.19035058008400002,0.42165700683599994,-1.144589506228
56.309739999996964,-0.13299808989200004,-0.5483195232159999,0.683316409878
56.39039999997476,1.39300546512,0.07999540463999966,2.74618718904
56.47105999998166,-0.7834658403963629,0.5239479579111247,-1.910106404862188
56.61225999999442,0.5390310112179999,0.399815232844,-1.6804682250679999
56.672749999997905,1.091441448386,0.005416068215999714,1.2685925621360001
56.75344000000041,-1.0714213178819998,1.0706920971600002,-1.6428565865059999
56.813979999977164,-0.429963558252,-0.13527731167199994,-0.154704198724
56.89460999998846,0.227890373744,0.089026330368,3.198660558608
56.975299999990966,0.44071313106000004,0.1362058309199999,0.69820711133
57.03578999999445,-1.5113305941039998,0.18244295580000053,-6.738365562024001
57.11643999998341,-0.42613083775999994,0.19322964940800005,-2.7158090987519996
57.19712999998592,-0.18389813501999996,0.05103182187600006,-0.036170766400000005
57.27778999999282,0.21262033093999985,-0.4906237560800001,0.0007207116700000023
57.33833999998751,-0.9408607120999996,0.9060266477399999,-1.3844357038
57.41896999999881,-0.013748095672000006,-0.2587303783040001,-0.26601502554
57.56016999998246,1.1468605223079997,0.007189626668000042,-0.63189947904
57.64085999998497,0.7676579896439999,0.2275715688459998,2.3762435347840003
57.721489999996265,-0.7354213400840002,0.13468075581999997,-3.255309710516
57.78205999999773,1.071391501136,-0.146850003904,4.684538686384
57.862719999975525,-0.780819948744,0.1240236375220001,-2.940584812082
58.00389999998151,0.5669414892839998,-0.12780411620399998,-0.21570037431800002
58.08452999999281,1.09559984172,-0.6524736794079999,1.5781193588640001
58.1450499999919,-1.8462144028159995,0.43545843213600044,-3.48075344097
58.2257099999988,0.42835404800000004,0.21062783624999992,1.8087487359999999
58.306369999976596,0.010504220243999983,0.268915922142,-0.589075369246
58.3870599999791,1.7470991103420002,0.11995149827999957,3.2531984198880006
58.447569999989355,-0.8141997019599998,0.31707823681000014,1.2491298251300003
58.528229999996256,-0.26871182968799984,0.5982363903479999,-4.257847317012
58.60891999999876,1.2865198119919996,-0.748080032498,4.361294908698
58.66942999997991,-0.5855600065879997,1.0512427784759997,-1.7815739394760002
58.75008999998681,0.6540621463559999,-0.009122630696000188,-1.224604532884
58.830749999993714,0.32535983941,0.44392799574999997,-1.0757706307000001
58.91146999999182,0.444046767728,0.16188836219199992,-1.0686555775920001
58.97198999999091,-0.10720896654200018,-0.49086541139399986,1.3529139547920002
59.05260999998427,-0.6391484438799997,0.7300871422640001,0.89668640196
59.13326999999117,-0.61660235062,-0.5536696582999996,-0.6497863679
59.21398999998928,0.87500307328,0.423658992832,1.1007886907520001
59.274479999992764,-0.15619710041,0.07460907298000001,0.07126362634999998
59.35512999998173,-0.5118701745279998,0.824292755424,-0.5293691132160001
59.43581999998423,1.08050470868,-0.19110938984600026,2.154286179176
59.49633999998332,-0.03203541540000019,-0.5219850437439999,-0.270606429496
59.57699999999022,-0.8809305659719997,0.43550922445200013,-1.9982304024040003
59.657689999992726,0.3583724227599997,-0.6472134479559999,1.3702123395880001
59.73833999998169,-0.8024173626639997,0.47820295987600003,-1.573890928208
59.79885999998078,0.39115755574999983,-0.578585908,0.76211510275
59.87954999998328,-0.52518795072,0.22926003496000005,-1.06524557026
59.96017999999458,0.24992546338999996,0.15323498845999992,1.4454708919700001
60.02068999997573,0.13870554113599987,-0.488482851156,-0.24262583440000002
60.10140999997384,-0.3069826465879998,0.4289970813480001,-0.10089155535199999
60.182039999985136,-0.8156714701679998,0.5170634260040001,-1.140369152318
60.24254999999539,1.439056270196,-0.18554852392000043,1.2168405516200003
60.32320999997319,-0.5766860822959998,0.5080317969160001,-0.172211507932
60.40389999997569,-0.34360199821491694,0.2531299773020355,-0.7067083136453074
60.46444999999949,-0.510857543324,-0.8125955801999997,0.8749083031120001
60.545109999977285,-0.7848600984639997,0.5230606781520001,-0.14683659364
60.62575999999535,0.33885223031600004,-0.24738733218799994,-1.0582908008920002
60.70641999997315,0.7300089399529518,0.3109914026357165,0.5404816531820379
60.766969999996945,-0.292864901404,-0.2975240051239999,-1.0175083960559999
60.84759999997914,0.15683053329599975,-0.9776857986760001,1.006668363116
60.92831999997725,-1.337924191704,1.283528595564,-4.50697041272
61.008969999995315,1.1651878643320002,0.9495937849919999,2.071026613032
61.06951999999001,2.21317785256,0.10497066061999938,2.0792716329200003
61.150119999976596,1.3682312593800001,-0.15174021621000028,-1.06466975029
61.21068999997806,-1.7905726428599997,0.2130741290400004,-5.17108231694
61.291319999989355,-0.8597218665139995,0.9248977129140001,-0.473510479344
61.35183999998844,0.34746270995000006,0.36980778562199984,1.3342222342560002
61.43249999999534,0.995907863536,-0.09302925629000028,-0.221822079668
61.51317999997991,-0.12381387325600002,-0.11945882569999994,-0.65302980848
61.573699999979,0.5789740146399998,-0.5221281650240001,-0.17425120427199997
61.6543599999859,-0.6338074396600001,-0.52282919246,1.087325042284
61.7350199999928,-0.281839384886,-0.6108363225999998,-0.7778653881320001
61.815709999995306,0.24067221318399998,0.772174907954,-0.399601052882
61.89635999998427,-0.17436082688000004,-0.053743043380000015,0.6546430412900001
61.95687999998336,0.05853073097600001,0.6537729286239999,0.187108709136
62.03756999998586,0.64012791642,0.24719977628000003,1.5025116277600001
62.11819999999716,-0.7164547502199999,0.629455464442,-1.5880829964260001
62.19887999998173,-0.8468515393159998,-0.7510090067240002,-2.010173792956
62.259399999980815,1.148122246104,0.41504882887199995,1.7202673480040003
62.34014999997453,-0.12465125200000003,-0.26685971099999994,1.24217695625
62.42074999999022,-0.2688918890100001,-0.6960990175179999,-0.7040894068479999
62.501399999979185,0.7006904796719999,0.3535315475279999,-0.050009280404
62.561949999973876,-0.4333559621759998,0.6555408750400001,-0.423307837664
62.72326999998768,-0.5429695454919999,0.06030172388600015,-0.8801264367160001
62.78377999999793,0.4825493483040001,0.524977692576,1.458158411024
62.86447000000044,1.6349253306419995,-0.7668469400200003,3.5408263333880003
62.945129999978235,0.1232361614120001,0.6928044879499999,-0.741596510994
63.00567999997293,0.38436988163600005,0.9898067855,2.33375930654
63.08629999999539,-0.8921286660560002,-0.7062986997759995,-1.04574001739
63.16695999997319,-0.6290817391360003,-1.0365016202239998,-1.508609702144
63.22750999999698,-0.2844140782,0.5899998006439999,-0.025751177067999998
63.30816999997478,0.8178810030319997,-0.7384676206160001,1.845885366536
63.368679999985034,-1.0169283292499998,0.46114935950000013,-3.4377002140000004
63.44930999999633,0.6799522790759999,0.17045180680799982,1.303325894988
63.53002999999444,-0.8784409987399996,0.11451881855200013,-2.1247888386160003
63.59054999999353,-1.6581338089359996,1.218713794872,-3.436481608624
63.67116999998689,1.9447180086879998,-0.3714217105640003,2.524732632376
63.75185999998939,0.6912721070639996,-1.042379225344,0.867489616596
63.8325499999919,-1.1579731241159996,1.0233556549240002,-0.20521406375200002
63.89309999998659,1.2779927934200002,0.20113675992999983,-0.41276862840000006
64.05440999998245,-0.718543082676,-0.07004019739199988,-0.401554684468
64.13506999998935,-2.034999029142,0.7732662349400006,-2.097485586828
64.27624999999534,2.8948241969639996,-1.2455324635860001,-0.05228010867399999
64.35692999997991,-0.8361300228259999,0.8138373403399999,-6.538781369196001
64.43755999999121,0.621542420404,-0.718145021244,0.46767001091400007
64.4980799999903,1.88060642576,0.04271984623999948,1.3475993075200003
64.5787699999928,-0.5708751192100001,0.36679421554999997,0.03196407556
64.6594599999953,-0.40869675745599965,1.078683578864,-1.768122507148
64.71996999997646,-0.143284564564,-1.035912745804,1.46938714423
64.80059999998775,1.6255800052679996,-0.3930931434920002,1.3414368516320003
64.86114999998244,-1.4038786788239996,0.7808618885960001,-1.134778327404
64.94182999999612,1.4321747425359999,0.2765016462519997,0.9719761602399999
65.02248999997391,0.8741500041599997,-0.31940665324000017,2.0733617820080004
65.0829799999774,-0.7848395772679997,-0.3819934461719996,-2.7862635787280006
65.1636399999843,0.29971068112,-0.007613240347999999,-0.013826957268
65.24431999999797,0.4112126354535918,-0.058610597345214184,1.4290733381844156
65.38549999997485,-0.35817979073999984,0.40325738487000007,0.90496630916
65.46612999998615,-0.5199936831120002,-0.226682121688,-2.160979767428
65.52669999998761,2.1136157233000006,-0.5629196095400001,3.4500456826199994
65.60735999999451,-0.9219194328359998,0.7139249639560001,-2.9105662930519998
65.6679099999892,-0.32706589793600005,-0.50492162728,-2.3061636368959997
65.7485099999758,-0.27654161279999995,-0.07365824996799986,0.8533465620959999
65.82921999998507,-0.19471096058000012,-0.5140630201919998,-1.067503817172
65.88970999998855,1.11313950304,-0.17382630056000042,2.6925235981760003
65.97039999999106,0.11274855722799967,-0.8454299265639997,-0.343906370636
66.0308799999766,-0.54335548096,0.0006800567200002062,0.5260890672400002
66.11159999997471,0.40616528332800006,0.282682019056,0.44739977779199996
66.19225999998162,-0.1630207327999999,0.45258225381999995,0.78012438786
66.27288999999291,0.14485288716800013,0.6141045264639997,1.2744596236799999
66.35357999999542,0.19627832633599998,0.03947878584599994,-3.059039996532
66.41408999997657,1.4175620595599996,-0.43279912270800047,0.4800545062160001
66.49474999998347,1.4585276896139998,-0.5001616399160003,0.48383990975799995
66.55526999998256,-2.085244345422,-0.693110259999999,-1.771570430912
66.71660999997403,1.0291710766199995,-1.1022247769900002,0.5223833050700001
66.77712999997311,-0.6440474782800001,-0.38255374931199987,-0.13504750680799998
66.85775999998441,0.11187408508999995,-0.09457624498000003,0.9453427405199999
66.9183099999791,-0.6863897911399999,0.37117114582000005,-0.9090064047000002
66.99895999999717,0.9582355288667137,-0.0977140331351682,2.933842715323127
67.05950999999186,-0.6133827949799999,-0.04168806961999977,-0.34916757429
67.14013999997405,-1.4016265574559998,0.8702748686480002,-3.574103267838
67.22082999997656,1.5168548195319995,-0.3943561664420004,2.049218337622
67.28136999998242,-1.0036493688699994,0.9705999124600002,-1.99097206311
67.36199999999371,0.7104570371239999,-0.533051999202,1.6401004494940001
67.4225199999928,-1.2705003121839997,-0.02615451395199946,-0.0021403265480000044
67.5032099999953,-0.691843166128,0.12167095131200029,-0.74584130416
67.61925999997766,-0.5490217353659999,0.08608291105600022,-0.76703686787
67.6394099999743,0.7033239877759998,-0.30591120081200013,0.6714433187319999
67.80071999999927,-0.12347995405200002,-0.13215296341599997,1.44214852094
67.88140999997267,0.9486619925499996,-0.44517360932000016,1.82438736565
67.94189999997616,-1.1486127311999998,0.4901585150800003,-1.7167216902400002
68.02260999998543,-0.13834910464999992,0.06364106366000002,0.12773929017000002
68.16375999999582,1.8907815316479994,-0.8378127662080006,2.6163861493759994
68.24444999999832,-0.146030946874,-0.12581877931599994,0.971189717174
68.32506999999168,-0.154323156544,-0.06814166899199994,0.9524927557280001
68.40575999999419,0.4396276368199999,-0.3330277339400001,1.8065975703400001
68.4864499999967,-0.380795336764,0.25538148282000006,-1.382302307388
68.56710999997449,-0.2966868629399999,0.238701500788,-1.3703471986720002
68.647799999977,0.3244237749119999,-0.5022018001520001,0.005399783703999997
68.7284599999839,-1.4182027445100005,0.3905464161000001,-1.7218713111719999
68.80910999997286,-1.4907522836040001,0.4166251682060001,-1.666042723256
68.88979999997537,-0.046555046100000004,-0.18446106510000002,0.40880588670000007
68.97048999997787,0.13494499819599992,-0.274666754748,-0.66542766042
69.05117999998038,0.2811312011400001,0.47108671661999996,0.7045556226799999
69.19228999997722,-1.6156852161520001,0.5742963346879999,-2.134707142952
69.25284000000102,-0.08696538004000008,-0.6263336766239997,1.3577512889920003
69.33349999997881,1.671275756128,-0.5354672714260005,2.05869416449
69.41414999999688,0.41952401790399996,-0.29115622151600007,1.215369004604
69.49486999999499,0.4186841266999998,-0.323924715604,1.2110918295400002
69.55535999999847,-0.800717273464,-0.20195224078400006,-1.258441570944
69.63605000000098,-0.6344307990200001,0.5371812384760003,-0.093607528532
69.71667999998317,-0.7234538698319998,0.5546366728640002,-0.075168836524
69.79738999999245,0.8961210056959998,-0.10086563891200019,0.836841964672
69.87804999999935,1.017841323344,0.3854990960779999,1.133340638386
69.95870999997715,0.859653765636,0.45332133825199955,1.095244825332
70.03939999997965,-0.039381598200000034,-0.22099452074800002,0.35211577584399995
70.12008999998216,0.742991383464,-0.10482582955200022,2.774798559914
70.1805699999968,-0.39664006854399997,0.24980714963800002,-2.417570636596
70.2612299999746,0.2550050087160217,-0.11421043413520543,0.388280691538013
70.32174999997369,-0.16378174617000005,-0.708745441894,-0.069229370132
70.4024399999762,-0.3015447111800001,-0.6721080252039998,-0.047661692927999995
70.48308999999426,-0.23983934658999992,0.06535506091000004,-0.82669641388
70.56375000000116,-0.36504492538199995,0.11979293882000004,-0.7988152484860002
70.64446999999927,0.52531080978,-0.16954275870000013,1.215998579324
70.72512999997707,0.22728089570800006,0.2950604999919999,-0.503034773976
70.80578999998397,0.35770473448000006,0.2946782856319999,-0.49543563590399997
70.88643999997294,-0.4247580562839997,0.49737184526799993,-1.4123384983640002
70.96716000000015,0.036745295940000006,0.037350740156,0.551056044044
71.04781999997795,0.03982376196000001,0.03730402961999999,0.5419273951400001
71.12850999998045,0.20742613774199997,-0.20539443918,-0.06165979875
71.20919999998296,-0.12487873790000001,0.30268598436000005,-1.0277122435
71.28985999998986,-0.05425834526399997,0.28780556853399997,-1.0192606358860001
71.37047999998322,-0.3450834320259998,0.39623470342399997,0.20999360698800001
71.4309999999823,0.6901524794839999,0.24795799601599988,-0.13925898874800002
71.51168999998481,-0.38824923595599997,0.37918204730800004,-0.7974453283880001
71.57216999999946,-0.008561720999999984,0.108265813276,0.45774055748
71.65285999997286,0.06630506217600002,0.13079781158399997,0.449748591744
71.73351999997976,1.2774336642999997,-0.4104844248800003,-0.25568162546
71.81420999998227,1.1057996225620002,-1.0814530968580003,-0.375609223104
71.89486999998917,1.0070752205499995,-1.07184773024,-0.3751383934699999
71.97552999999607,-1.01092286814,0.3997528042100002,-0.49419287811999996
72.05620999998064,-0.38048513155600017,-0.5291318556760002,-2.3151079873320004
72.21755999999004,-2.0773139111759993,0.21569944158400028,-0.37449176866
72.29824999999255,0.23852110720399983,-0.410714334504,-0.869990326978
72.37896999999066,0.435083201276,-0.06259935336800006,2.05292552892
72.4394199999806,0.692347321392,-0.11445155892000014,1.7544016399280002
72.5200799999875,0.8090112446800002,-0.17562805561800002,1.7424246741799998
72.58059999998659,-1.5665001521999997,-0.06429726631999969,-3.07246748654
72.6613199999847,-1.9811741267799998,-0.0973625741279999,-2.921377007304
72.74193999997806,-1.72251950018,-0.22540208301599984,-2.9509122589160004
72.82262999998056,-0.628680890494,-0.7180510381280002,0.87650101256
72.90328999998746,-0.8372200943739998,0.012692557216000058,-0.973226047278
72.98397999998997,-0.45392263949200007,-0.10022517791599994,-1.0098554933700001
73.06463999999687,1.2332293745679999,-0.5830652432499999,2.2734392144199997
73.14528999998583,0.28766058181199994,-0.4701417354519999,2.382054466468
73.22600999998394,-1.6397683505991727,-1.2929236429702116,-3.5424888235485943
73.30666999999085,0.8357649336520001,-1.0914284858280001,0.00646670080399997
73.38732999999775,1.600394094308,-0.719623841964,1.2862057330999999
73.46802000000025,1.381976114896,-0.7522101965559995,1.2674108899579999
73.54867999997805,-1.2879791250039998,-0.3659749651039995,-0.90213957416
73.62935999999172,-0.48253089625000023,-1.5882908525500001,-0.4770785059
73.70998999997391,2.3561918582040002,-0.6750545203760001,2.110557912188
73.770509999973,-0.177350957596418,-1.2336368673518812,1.00065283000295
73.8511999999755,-0.1450003041080001,-1.265054566356,0.9867227876600001
73.91167999999016,0.8209179857800001,-0.20403482103599996,2.167530136904
73.99236999999266,1.2363894935720001,-0.14186295650000008,1.852602763632
74.07305999999517,1.1672434630800002,-0.17066816222000006,1.8267012438399999
74.15371999997296,1.7239796014239999,-2.1321048311679998,-0.13700464502399995
74.23437999997986,-2.600862539432,1.3008332404919996,-0.45703732183999995
74.39574999999604,0.14595570149199993,0.5064740463120001,2.57968824942
74.47640999997384,3.597021744304,-0.6895046543979995,1.5192851910039997
74.55709999997634,3.3240987410439997,-0.8727257261099994,1.4078748664979999
74.63778999997885,-0.434541248704,-0.26185371519200007,-1.43189620618
74.6982699999935,2.275867311192,0.3294290762760002,1.4548564280819998
74.7789300000004,2.0684383824,0.33227935444,2.6681485734800003
74.83944999999949,-1.0770258129,-1.6322298029199995,-2.3862042162
74.92013999997289,-0.9646231456960003,-1.7632116354239997,-2.3052791372640007
75.00078999999096,-0.6338100339000001,-3.5648196879499996,-2.2035207048
75.08147999999346,4.094871193095999,1.1620110528880003,4.5027296338800005
75.16214000000036,4.0832652134459995,1.2227921918019997,4.45156656536
75.24282999997376,4.640407422939999,3.36065058478,3.78492372952
75.32348999998067,0.22827296487200013,-2.074054347344,-2.27276958635
75.48483000000124,-2.7446720288399997,-1.916167828278,-1.5723983233680001
75.56551999997464,-1.59748991297,-2.42831885529,-1.07527674494
75.64620999997715,-1.47818836,-2.2817350255,-1.1388062365
75.72686999998405,2.551972045228,-0.00023820641999972025,-0.779294767412
75.80758999998216,-0.233752662404,-1.2288200200360002,0.40926667602200006
75.88820999997552,-0.20947239419999986,-2.4220717190880006,-0.489226900394
75.9486699999834,0.509761765792,-0.46781365505599987,0.5647872074079999
76.0293599999859,0.4380934983699999,-0.5387220367800001,0.55497658854
76.08986999999615,1.5269136782400001,0.7317307805199998,-1.57531097638
76.17058999999426,-1.3567191853059999,0.5842560342,-0.0015112976859999738
76.25121999997646,0.17426117823999995,-0.5791848364800001,1.64638728192
76.33187999998336,0.21151770535600006,-0.453730260148,1.6023743876039998
76.41256999998586,-0.42596623351199997,-1.160386549392,0.9693143036799999
76.49322999999276,-0.35848439410400007,-0.97001707812,0.9195606179360001
76.57390999997733,0.8970664779799998,2.1459254619599997,0.30441234102
76.65459999997984,-0.6105918531679999,-0.04773972711000001,-0.774989614396
76.73525999998674,-0.634305828018,0.0039954084659999155,-0.766197114472
76.81594999998924,0.10962998251200004,-1.181228011488,-0.774325346832
76.87642999997479,0.03440617365999999,-0.22879625241,2.5334667608700006
76.9571199999773,0.8267217063760002,0.9275649875759999,0.45024175836799996
77.01760999998078,-0.9985132892440001,-0.6023798810120001,-2.6587956207640002
77.09829999998328,-0.9850241967679998,-0.390386374448,-2.613343447728
77.17895999999018,-0.547675235232,0.11685010198400002,-2.937444376512
77.25963999997475,-0.341299167832,0.392752826308,0.5769102917919999
77.34029999998165,-1.4813365859019998,-0.5097831799920001,-0.852177757218
77.42098999998416,-1.4722941153440001,-0.3871270148699999,-0.837350801296
77.50167999998666,-0.2989595545479999,1.1322000173339997,-2.1577010611279994
77.58233999999356,0.3798274860200001,0.8657521002159999,1.355814526044
77.66298999998253,0.3222318599200001,0.8954595388400001,1.3378490718000002
77.74364999998943,0.96476075,1.1271529209,1.7524877505000003
77.82436999998754,0.9124911884379999,1.046431240952,1.7018461553220001
77.90502999999444,0.041978228902000016,1.307709641926,0.6823739149960001
77.98571999999695,-0.46055083981399986,2.7375466272000004,1.259652235766
78.06640999999945,-1.3334344593,-0.6814736445,0.12890140826000002
78.14702999999281,-1.2918324217640003,-0.63509353648,0.11955278149000001
78.2075499999919,0.09220753538999994,2.3381191022800003,0.53689965519
78.2882099999988,-0.8507651743040001,-0.31440616766400004,-3.1136132220799997
78.4495599999791,-0.8923908051280002,1.220122492232,-0.10833772948799998
78.53020999999717,-0.5408130360060001,0.32733592706799997,-0.910489803004
78.61089999999967,-0.719465708416,0.08191123120400001,-0.877066538196
78.69158999997308,-0.781094357172,-1.633581625004,-0.7092388390059999
78.77224999997998,-0.27013169438599993,1.3719280293019998,0.000646760679999997
78.85290999998688,-0.19544444342000003,1.206994665456,-0.042059445692000014
78.93359000000055,0.923605354832,1.995064977488,0.4252273249360001
79.01427999997395,-2.3596658854479995,-2.119903467638,-0.985285033386
79.09493999998085,-2.18542109762,-1.886962077,-1.0451178967
79.15545999997994,-0.6187386201599999,2.366999799872,1.8661578169280002
79.23614999998244,-1.1956768265200002,1.3314785363600001,1.7929966824799999
79.2966299999971,-0.34571674576,0.44061568304000004,0.40986680528
79.37728999997489,-0.9985517882639998,1.2097225631000001,0.476927408066
79.51845999999205,-0.135507793664,0.795149665536,-0.762676466176
79.59914999999455,-0.213541256826,0.36636346139000003,-0.7655963428360001
79.67981000000145,-1.66047724512,-2.6814693519999997,-0.96773611744
79.76049999997485,-1.6306919606999999,-2.68455853155,-0.9531431961499999
79.84118999997736,-0.28999788691999995,2.442664262672,1.948989729652
79.92184999998426,-0.313017212,-0.8619770008400002,1.2229141132
80.00249999997322,-0.21041914477,-0.748392479418,1.181480633452
80.08322000000044,-0.83801905322,-0.25123286266000006,-0.14740787962000002
80.16387999997823,-0.8355093797280001,0.11794418925599998,-1.378730193672
80.24456999998074,-0.8850506650457299,-2.2542915961355257,-3.4439684413149494
80.32522999998764,-0.9264673901360001,-1.98778844782,-3.372951825964
80.4058799999766,-0.61103169795,-2.0964546072,-1.64732931565
80.46639999997569,0.30079320268799997,-0.36767069798400004,0.114506755584
80.5470599999826,-0.38506759909999994,2.0788517148800003,0.29605307574000006
80.6277199999895,-0.3165366984500001,1.93272625471,0.22418083336
80.708409999992,0.35883618537200007,-0.02285902727599999,-1.543444782104
80.78905999998096,0.46319609117200006,-0.038276574320000006,-1.518030149916
80.86974999998347,-0.502288002786,-0.09309169567400004,-0.509615224768
80.95043999998597,-1.511171725152,-1.48295912992,0.956029721152
81.03109999999288,-0.40468471884000007,0.9299501911599999,-0.13197429092
81.11175999999978,-0.357427367,0.4084309106,1.2673731177999998
81.19240999998874,-0.527566155994,-1.2502428914419998,-0.26208562181999995
81.27312999998685,1.04525402987,-1.05704558044,1.4454907665399999
81.35378999999375,1.132323233452,-0.8480289636220002,1.4239444220480002
81.41430999999284,-0.07178683277600001,-0.10899612039599998,0.8043988111900001
81.49496999999974,-0.251510958744,4.013927970267999,-0.45998954658
81.55547999998089,-0.22019862182799999,1.657524065516,-1.049601135972
81.69665999998688,-0.672423836392,-2.223251449824,-0.64394872944
81.77730999997584,-1.881897519372,-3.429904386492,-1.341203654018
81.85799999997835,0.22595701390800002,2.7230945709060004,2.4332539918
81.93865999998525,0.19864228573,2.6817854574320004,2.381465552516
82.01934999998775,0.38127492758400006,-0.6435379424819999,0.384544938836
82.10003999999026,1.191853152842,3.2201135428320007,1.326264004798
82.18069999999716,1.1016359258519999,2.9122871085599997,1.172703419978
82.26134999998612,0.856639934976,0.27980282163200004,1.284
82.34200999999302,-0.96680267708,0.8329533738399999,2.5129841829079997
82.42272999999113,-0.9963141290900002,0.978730792852,2.4941124720300003
82.50338999999803,0.2133400431,3.5531507345360005,3.6798779283120004
82.58410999999614,-0.282909579248,-1.0418078098839998,-1.1507771515
82.6647299999895,-0.287666110104,-0.9423881640239999,-1.141902550964
82.72524999998859,-1.3545270975119998,-0.508951954636,-0.18267235198400003
82.80590999999549,-1.324847384388,-0.427149302434,-0.18834195371400003
82.88656999997329,-1.0512866162399999,-0.18085756586,0.06418604318
82.9672599999758,-1.0730105424640002,-0.08551868928000002,0.06464439321599999
83.04793999998947,0.53122568061,0.8058673837520001,0.939902700846
83.12859999999637,1.25243363674,3.04929660062,2.4806822361200003
83.20925999997417,1.2370014145200001,2.75950601556,2.3327137831600004
83.28994999997667,0.12649932392000002,-1.59890149344,-1.7988669773200001
83.37060999998357,-0.45683565136000004,-1.8066443812800002,-1.5260001955200002
83.45125999997254,-0.338732596732,-1.6277107801919999,-1.535773950422
83.53197999999975,-0.8247611560400001,2.031924713368,2.452614951124
83.61263999997755,-0.3652728005,-0.9810619875,-2.9327983035
83.67312999998103,-1.042372204608,4.849631248968001,2.9865296953120004
83.81432999999379,0.32835972134600006,-0.5988698773840001,-0.5288700836380001
83.89499000000069,0.32081889356000004,-0.33562434876200004,-0.537284643162
83.97567999997409,0.8205527869479998,-2.5205415039599997,-5.063209396086001
84.0563699999766,0.5643736759200002,-1.2790768499439997,-2.2588868836
84.13701999999466,-0.9342443394840001,2.0216676264160003,1.9463476671
84.21768000000156,0.5779391134560001,-0.5185039189,3.341975589674
84.29836999997497,0.6694621454399999,-0.420549151472,3.2809209848479997
84.37905999997747,0.7362876352800001,1.223016177828,1.238418328328
84.45971999998437,-0.544437587864,0.8559035396020002,1.50963081556
84.54037999999127,-0.573883719716,0.899917145868,1.4879146303959998
84.62105999997584,0.5747777364,2.58246510856,1.273998652736
84.70174999997835,-0.4586654941919999,-1.3535337414900002,-3.0372672693380003
84.78243999998085,-0.6064168775000001,-1.20470859,-2.99405648
84.86306999999215,-1.1237443187500002,-0.25008136792200003,0.412802726308
84.9235499999777,0.85564965042,-1.3013869856440001,-2.2172732444960004
85.0042399999802,-0.27920408309799993,3.0005515945439996,2.521125667028
85.06475999997929,0.36653065338,0.530407090932,-0.711512729148
85.14541999998619,0.43136220144,0.8177410154879999,-0.696143636656
85.22607999999309,0.23408729713,-0.892673932788,-1.09729303288
85.30678999997326,-1.0697954502240001,-1.68502365304,-0.18810610489600002
85.46810999998706,0.17139704211999995,2.683144693444,2.778945308254
85.54879999998957,-0.9387090354480001,-3.168213048224,-4.940792230008
85.62945999999647,-0.8789056759599999,-3.0303460829799995,-4.89227318138
85.71013999998104,0.07674775325600004,-1.0758528562,-0.7179079444400001
85.79079999998794,0.42956841813,-2.36927280481,0.21682702076
85.87151999998605,0.4510994641720001,-1.8723257897880003,0.076277631228
85.93200999998953,-0.6157203686520001,-0.706644538412,-0.11855590963200002
86.01266999999643,-0.6334321307199999,-0.6647970538279999,-0.126995839352
86.07317999997758,-0.45614654513200004,-1.1959779735759999,1.1007311246479998
86.15386999998009,-0.5674575747199999,-1.111932489552,-1.72760462576
86.23452999998699,-0.59445827254,-0.914429157206,-1.7119601786940002
86.31518999999389,-0.90739042708,-1.245689425054,-1.792586961722
86.39586999997846,-0.38695592856,-0.83087872893,-1.3492493244700001
86.55721999998786,-0.727968380518,-2.7846340351400003,0.439532092394
86.63787999999477,-0.72047436842,2.604153981768,1.0830533375759999
86.71856999999727,-0.6242749138,2.584127487128,1.049532724844
86.79925999999978,1.03520747738,0.92973411064,-1.2449245507520001
86.87990999998874,0.8304307984919999,-1.0831326502799998,-0.6873694007119999
86.96059999999125,1.028247875864,0.14234919163200002,1.355155403048
87.04128999999375,-0.435380187518,-0.801741601842,0.174487741064
87.12195000000065,0.22158967282800002,-0.07715293561,-1.318463795272
87.20257999998285,0.25248087045,-0.10971485430000003,-1.29235552265
87.2631199999887,-0.7248870664639999,-0.93121481177,-0.038541720944
87.3437799999956,-0.8613575645639999,-0.9357513777720001,-0.05522551996
87.4244399999734,0.43288449442,-0.6129073265799999,1.5713132008600001
87.5050999999803,-0.017023225678,-0.11631622296400002,-0.307237197914
87.64632999998867,0.420413142904,1.311228073654,-0.562998429224
87.72695999999996,0.624879019256,0.44838384321200003,0.014528901952
87.80767999999807,-0.7281771865200001,-0.0239455543,0.11229214380000002
87.88833999997587,-0.7185857077719999,-0.064578388718,0.10940822935
87.96902999997837,-0.30122899378,-0.8414064433320002,-2.3025059949920004
88.04970999999205,-0.9238352798599999,0.06893217026,-1.13180149538
88.13037999998778,-0.9953149743120001,-0.11901662848399998,-1.1039601539439998
88.19086999999126,0.09945850560000002,2.2763141077199998,1.18734353616
88.27155999999377,0.703209117604,-2.461425176784,-1.0591039998560001
88.33203999997932,-0.954741180124,0.450891686268,-0.76599721554
88.41272999998182,0.471277144794,0.8675456483280001,0.529606757988
88.49338999998872,0.528971833274,0.8615383089760001,0.519971502722
88.57407999999123,-0.36787132882,0.48353364322799997,-0.26945799686
88.65476999999373,-0.30365477547600006,0.506142989876,-0.2676823808
88.7354199999827,-0.806251817144,0.727320069848,-0.8116720347439998
88.8160799999896,-0.32365149249999997,-1.5426621569999999,-1.4748450217
88.8967699999921,-0.31297499180800004,-1.328695726472,-1.480738412232
88.97745999999461,0.41294185405000006,0.83425858726,0.37660672152
89.05814999999711,-0.347440972892,-1.4100394880640001,-1.300007834116
89.13880999997491,-0.321621922096,-1.1162928600159998,-1.315088421328
89.21945999999298,-0.646761767512,-0.15212771407200001,-0.10967390419199999
89.30017999999109,0.091478679616,-0.8002573469280001,-0.070169742864
89.38080999997328,-0.73590829832,1.3129325070500002,1.44029185648
89.52197999999044,0.005861388606000002,0.8753830619180001,1.618994534932
89.60263999999734,-0.16775119754,-1.260707222632,-1.362911518648
89.68332999999984,0.653064214936,1.236197707152,1.6170199838800001
89.82454000000143,-0.512384521716,0.72554927117,1.5625767316719998
89.9051899999904,-0.53129320896,1.5966102897040002,0.76890415576
89.9858499999973,-0.46596944002400004,1.4479147195959998,0.7323172729920001
90.0665099999751,-0.06290561,0.8662389545000001,1.1508134065000002
90.1471999999776,0.5570589982999999,1.83097149306,2.857930563866
90.2278899999801,0.518859503686,1.6795466988080001,2.7714923435480006
90.30856999999378,0.9124114419279999,1.5488886942580002,1.1108435887360002
90.38925999999628,-0.32411860184,2.0976391213000003,0.38613493790000003
90.44974999999977,-0.02536771147200001,-2.3298560118520006,-2.1147644150640006
90.53040999997756,-0.540886445508,1.288650736892,1.255360012648
90.67160999999032,-1.4217739919519998,0.6419427503080001,0.8313993657919999
90.75226999999722,-0.14083897001600001,2.479506532928,1.6994957177280001
90.83292999997502,-0.051399816000000015,1.2066182337340001,-1.087848272102
90.91361999997753,-0.011803499080000012,0.6711867941,-1.0632287858000002
90.9942999999912,1.0209842634239998,-1.6912463174399999,-1.340915271424
91.0749599999981,1.5631907697860001,-2.554158242384,-1.9472963818519997
91.1556199999759,1.6662287300479999,-2.38238140704,-1.929854605888
91.236339999974,0.592174237008,1.809447483472,0.06850499734400001
91.31699999998091,0.6544151651999999,1.90259719094,0.09742409844000001
91.39765999998781,0.38176267280000004,-0.5924558031679998,-1.027937659616
91.47830999997677,0.431647526798,-0.172867650548,1.321310421156
91.55902999997488,0.44886037611999996,-1.998539149948,-1.0619979217759998
91.63965999998618,-0.6811596631839999,0.25675155312000003,1.908355256304
91.72034999998868,-0.47703189271799995,2.409856201918,1.703537992904
91.78082999997423,-0.24570248466400008,-1.0007832761920001,-2.598831078196
91.86151999997674,-0.33258382655999996,-0.00691103352,0.65656734788
92.00269999998272,-0.5632347764960001,-0.08302314268,0.6311598253080001
92.08335000000079,0.530451246112,0.10084272163199999,1.827892197728
92.1640399999742,0.47378973624200005,0.130581832108,1.79203169313
92.2447299999767,0.063999679034,0.495536553454,0.002356632416000001
92.3253899999836,0.39005916789800005,1.4043865220660001,-0.376663428092
92.4060799999861,-0.17195232276400002,-1.13306190158,-1.0801875958640001
92.48676999998861,-0.19086905537,-1.229181695322,-1.0620333550360002
92.56738999998197,-0.774922561728,0.184025303504,0.27137926611200003
92.64804999998887,0.5682921707960512,1.0167762303272954,0.3144688621459349
92.70862999997917,0.32668205727200006,0.44555668388799996,1.145129496912
92.78928999998607,0.31549898347,0.42942786532800004,1.125501415222
92.84977000000072,-1.441271547332,0.814249821816,0.3686637152
92.93045999997412,-0.14623277728,0.7917997870400001,0.39033292432000005
93.01114999997662,-0.147350720356,0.884946833636,0.389690186052
93.09180999998352,0.33816585069800004,-1.0637307955520001,-2.3059666163420003
93.17246999999043,-0.6351558976200001,1.23449769952,1.436727638732
93.3338399999775,-0.7818302208200001,-0.25171495889999995,-0.20581305550000004
93.4144999999844,-0.41511036639599996,1.2963856948360002,1.9156204335320002
93.4951599999913,-0.417795270952,1.289044755096,1.882572646088
93.57587999998941,1.03013358976,-2.0699332051199995,-3.8836986143999996
93.65656999999192,-0.956789015584,3.627129024896,1.560421121632
93.73718999998528,-1.2563172883400002,3.6786294901320007,2.3836457650160003
93.81790999998339,1.4230002972400002,0.024254802267999996,0.980108012012
93.89853999999468,-0.722398920576,-0.553192685376,0.9572496698080001
93.95905999999377,-0.37951989306,0.38515848956,0.48377817538
94.03970999998273,-0.34343276655,0.39261514092,0.47302009504000003
94.0800299999828,-0.862503083276,2.9554308081119998,2.348816609398
94.18091999998433,0.557718384608,0.7077197654720001,1.86181271456
94.26157999999123,1.744546133356,-0.972188004584,-3.3823294316880004
94.34223999999813,1.858449919112,-0.427179112824,-3.3604457249040003
94.4229199999827,-0.8882675099320001,2.58227492424,1.496158980856
94.5036099999852,-0.44845570144400004,-0.729372855504,-0.5577249840040001
94.5842699999921,-0.5169098248759999,-0.806158310132,-0.5335574266279999
94.664929999999,0.612195510792,0.028715794732000005,0.42829417228
94.74562000000151,-0.37240919468799993,1.9242252184959998,1.157202515136
94.82630999997491,-0.423860943636,1.857096034286,1.133601569652
94.88678999998956,-1.8064328371640002,-3.5211136613600003,-3.551525161292
94.96747999999207,-1.9178906584199997,-3.36851718592,-3.51323500214
95.02799999999115,0.5946571485559999,0.6754781742740001,0.088133136286
95.10864999998012,-0.41354541248800003,-2.67386814532,0.555508520248
95.18930999998702,0.402143637572,-0.176808549024,-0.25860464978
95.27002999998513,0.47384830031200004,-0.189378235404,-0.256438229754
95.35068999999203,0.05268868110200001,-0.44384854172800003,-0.126243976932
95.43134999999893,0.16975725362399996,-0.5154033703160001,-0.119392110612
95.51199999998789,1.3046372818519998,0.12171771917999999,-0.6565507868520001
95.5926899999904,-0.15514523348400003,3.036218602772,3.6225394516660003
95.6733799999929,-0.138686174976,0.5981357116000001,-0.96359843704
95.7540099999751,0.05673660438400002,-3.157313127632,1.052563409926
95.83475999999791,1.16865630182,1.8129688141800002,0.17971828805999998
95.99609999998938,-0.042871894216,-1.867479871866,-0.44317088395000004
