0.08065999997779727,-2.593793,51.451001,58.5
0.16131999998469837,-2.593793,51.451001,58.5
0.22182999999495223,-2.593793,51.451001,58.5
0.3025199999974575,-2.593793,51.451001,58.5
0.38317999997525476,-2.593793,51.451001,58.5
0.44365999998990446,-2.593793,51.451001,58.5
0.584869999991497,-2.593793,51.451001,58.5
0.6453799999726471,-2.593793,51.451001,58.5
0.726009999983944,-2.593793,51.451001,58.5
0.8873899999889545,-2.593793,51.451001,58.5
0.9479099999880418,-2.593793,51.451001,58.5
1.0285599999770056,-2.593793,51.451001,58.5
1.1092199999839067,-2.593793,51.451001,58.5
1.169739999982994,-2.593793,51.451001,58.5
1.2503999999898952,-2.593793,51.451001,58.5
1.3310799999744631,-2.593793,51.451001,58.5
1.4722899999760557,-2.593793,51.451001,58.5
1.5529499999829568,-2.593793,51.451001,58.5
1.6335699999763165,-2.5937925835958886,51.45100075015753,58.51665616445302
1.6941200000001118,-2.5937922708537777,51.45100056251226,58.52916584887511
1.8554399999848101,-2.5937914376323534,51.45100006257941,58.56249470585262
1.9159799999906681,-2.5937911249418932,51.450999874965134,58.57500232426202
1.9966399999975692,-2.593790708331181,51.45099962499871,58.59166675275379
2.137849999999162,-2.5937899789783585,51.45099918738701,58.620840865661634
2.218509999976959,-2.5937895623676464,51.450998937420586,58.63750529414738
2.2991599999950267,-2.593789145808584,51.450998687485146,58.65416765663246
2.379819999972824,-2.593788729197872,51.45099843751872,58.670832085118214
2.4605099999753293,-2.593788312432209,51.45099818745933,58.68750271163603
2.5209999999788124,-2.593788,51.450998,58.7
2.6016799999924842,-2.5937919218736334,51.450998156874945,58.65293751639806
2.6823399999993853,-2.593795842775062,51.450998313711004,58.60588669925609
2.7428599999984726,-2.593798784666389,51.45099843138665,58.57058400333313
2.823550000000978,-2.593802707026124,51.450998588281045,58.5235156865097
2.884059999982128,-2.593805648431348,51.45099870593725,58.488218823825214
2.964719999989029,-2.5938095693327763,51.45099886277331,58.44116800668324
3.04537999999593,-2.5938134902342047,51.45099901960937,58.39411718954127
3.1865799999795854,-2.5938203539991638,51.45099929415996,58.31175201003335
3.2470699999830686,-2.593823294432184,51.45099941177729,58.27646681379186
3.3277299999899697,-2.5938272153336124,51.45099956861335,58.22941599664989
3.408449999988079,-2.5938311391516544,51.450999725566064,58.18233018014499
3.4890699999814387,-2.593835058108673,51.450999882324346,58.13530269592296
3.549589999980526,-2.593838,51.451,58.1
3.6302799999830313,-2.5938441287423255,51.451000425607106,58.176609279069645
3.7109399999899324,-2.5938502552060263,51.45100085105597,58.25319007532809
3.7714500000001863,-2.5938548511931145,51.451001170221744,58.31063991393444
3.8521099999779835,-2.593860977656813,51.45100159567061,58.38722071016525
3.912629999977071,-2.5938655744034427,51.451001914889126,58.44468004303278
3.993289999983972,-2.5938717008671435,51.451002340338,58.52126083929123
4.053769999998622,-2.593876294575607,51.45100265934553,58.57868219508638
4.134460000001127,-2.5938824233179325,51.45100308495264,58.65529147415602
4.195009999995818,-2.593887022343187,51.45100340432939,58.71277928983475
4.275689999980386,-2.5938931503259695,51.45100382988375,58.789379074615574
4.356319999991683,-2.593899274511045,51.45100425517438,58.865931388062826
4.436979999998584,-2.5939054009747458,51.45100468062325,58.942512184321274
4.497529999993276,-2.59391,51.451005,59.0
4.578190000000177,-2.593914614724477,51.45100584603282,59.16151535668633
4.658839999989141,-2.5939192288768322,51.45100669196076,59.32301068911697
4.719389999983832,-2.593922693066852,51.45100732706226,59.444257339819465
4.800019999995129,-2.5939273060749675,51.45100817278041,59.60571262385528
4.880709999997634,-2.5939319225158055,51.4510090191279,59.767288053192125
4.941249999974389,-2.5939353861337042,51.45100965412451,59.888514679638924
5.021879999985686,-2.5939399991418193,51.45101049984267,60.04996996367475
5.082399999984773,-2.593943461615478,51.4510111346295,60.17115654172673
5.243709999980638,-2.59395269049231,51.45101282659026,60.4941672308437
5.304229999979725,-2.5939561529659687,51.451013461377094,60.615353808895684
5.384889999986626,-2.5939607676904455,51.45101430740992,60.77686916558201
5.4655799999891315,-2.5939653841312835,51.4510151537574,60.93844459491885
5.5462599999736995,-2.59397,51.451016,61.1
5.606749999977183,-2.593974403310546,51.45101651052876,61.07447356205338
5.687469999975292,-2.593980279244208,51.45101719179643,61.040410178504295
5.768099999986589,-2.593986148626409,51.45101787230451,61.00638477444071
5.828580000001239,-2.5939905512090156,51.45101838274887,60.98086255643283
5.909299999999348,-2.5939964271426774,51.45101906401654,60.94679917288374
5.989959999977145,-2.594002298708697,51.45101974477782,60.912761109003945
6.050479999976233,-2.5940067042030632,51.451020255559776,60.88722201122882
6.131099999998696,-2.5940125728573245,51.45102093598346,60.85320082710398
6.1916199999977835,-2.5940169783516906,51.45102144676541,60.82766172932885
6.272310000000289,-2.5940228521015327,51.451022127779886,60.79361100560827
6.332849999977043,-2.5940272590517774,51.45102263873064,60.76806346795566
6.41347999998834,-2.5940331284339786,51.45102331923872,60.734038063892086
6.494139999995241,-2.594039,51.451024,60.7
6.554719999985537,-2.594043181464666,51.45102429446934,60.68822122629301
6.635309999983292,-2.594048744096516,51.45102468620398,60.67255184079991
6.715999999985797,-2.594054313630751,51.4510250784247,60.65686301196863
6.776549999980489,-2.594058493024702,51.45102537274821,60.64509007126196
6.85720999998739,-2.594064060488222,51.451025764823115,60.629407075431004
6.93782999998075,-2.5940696251907873,51.45102615670358,60.613731856937584
6.998410000000149,-2.594073806655455,51.451026451172915,60.601953083224934
7.079009999986738,-2.594079369977543,51.45102684295616,60.58628175340028
7.159729999984847,-2.5940849415824934,51.451027235322705,60.570587091568676
7.220209999999497,-2.5940891161447763,51.45102752930597,60.5588277611942
7.300869999977294,-2.594094683608294,51.45102792138086,60.54314476536891
7.36142000000109,-2.5940988630022472,51.45102821570438,60.531371824656574
7.442079999978887,-2.594104430465765,51.45102860777928,60.51568882883128
7.583249999996042,-2.5941141159657013,51.45102947039608,60.50587995100176
7.663909999973839,-2.5941196052810667,51.451030097746404,60.51372183009495
7.744599999976344,-2.5941250966380833,51.451030725330064,60.52156662583291
7.805109999986598,-2.5941292146454336,51.45103119595948,60.5274494934766
7.885769999993499,-2.594134703960801,51.451031823309805,60.53529137257263
7.9664300000004005,-2.5941401932761683,51.45103245066013,60.54313325166866
8.047119999973802,-2.5941456846331827,51.45103307824379,60.55097804740379
8.107619999995222,-2.5941498019599845,51.45103354879542,60.55685994283444
8.248769999976503,-2.5941594079216,51.45103464661961,60.57058274514243
8.329509999981383,-2.594164902681366,51.45103527459216,60.578432401951225
8.41013999999268,-2.594170389955084,51.451035901709155,60.58627136440531
8.470659999991767,-2.5941745086429835,51.45103637241634,60.59215520426204
8.551349999994272,-2.59418,51.451037,60.6
8.611859999975422,-2.59418542604705,51.45103840438865,60.58084924570697
8.692519999982323,-2.594192658983014,51.45104027644266,60.555321236421086
8.773179999989225,-2.5941998919189784,51.451042148496676,60.5297932271352
8.83375999997952,-2.5942053242430623,51.45104355450997,60.5106203186036
8.91437999997288,-2.594212553592149,51.45104542563561,60.485104968885246
8.995009999984177,-2.594219783837957,51.45104729699335,60.45958645427041
9.055559999978868,-2.594225213471884,51.45104870231037,60.44042304040985
9.13621999998577,-2.5942324464078483,51.45105057436439,60.41489503112396
9.216869999974733,-2.594239678447092,51.45105244618631,60.38937018673457
9.358049999980722,-2.5942523383268266,51.451055722861064,60.34468825825916
9.418599999975413,-2.594257767960754,51.45105712817808,60.32552484439861
9.49924999999348,-2.594265,51.451059,60.3
9.559769999992568,-2.5942689818067395,51.45105876917062,60.27114632797491
9.72111999997287,-2.5942795975456248,51.45105815376547,60.194220683877916
9.78159999998752,-2.594283576720636,51.45105792308866,60.165386082349066
9.862259999994421,-2.594288883603181,51.45105761544329,60.12693041173145
9.942949999996927,-2.594294192459523,51.451057307683506,60.0884604382382
10.023609999974724,-2.5942994993420663,51.45105700003814,60.05000476763446
10.084149999980582,-2.594303482464671,51.45105676913248,60.02114156035432
10.164809999987483,-2.5943087893472163,51.45105646148711,59.98268588973671
10.245469999994384,-2.5943140962297617,51.45105615384175,59.9442302191191
10.305989999993471,-2.594318078036501,51.451055923012376,59.915376547094006
10.386609999986831,-2.5943233822873157,51.45105561551957,59.876939946986504
10.467299999989336,-2.594328691143658,51.45105530775979,59.838469973493254
10.547989999991842,-2.594334,51.451055,59.8
10.608509999990929,-2.5943389161207286,51.451055191537165,59.793615427625
10.669020000001183,-2.594343831429145,51.45105538304269,59.7872319102013
10.749649999983376,-2.5943503811121302,51.45105563822515,59.77872582840205
10.830339999985881,-2.5943569356689977,51.45105589359749,59.770213416885824
10.890919999976177,-2.5943618566636064,51.45105608532455,59.76382251479691
10.971509999973932,-2.5943684030973393,51.45105634038042,59.75532065280591
11.052169999980833,-2.5943749552172672,51.45105659565782,59.74681140614664
11.112779999995837,-2.5943798786488177,51.45105678747982,59.7404173391977
11.19340999997803,-2.594386428331803,51.45105704266228,59.73191125739845
11.334579999995185,-2.5943978957601472,51.451057489445205,59.71701849331548
11.415239999972982,-2.5944044478800725,51.451057744722604,59.708509246659276
11.495899999979883,-2.594411,51.451058,59.7
11.556439999985741,-2.5944152022906444,51.45105836019634,59.73001636174636
11.69761999999173,-2.5944250020824047,51.45105920017849,59.80001487431854
11.778279999998631,-2.5944306009717897,51.4510596800833,59.840006941355774
11.838759999984177,-2.5944347990976255,51.45106003992266,59.86999355446793
11.919419999991078,-2.5944403979870105,51.45106051982746,59.909985621505164
12.000139999989187,-2.5944460010412027,51.45106100008925,59.95000743716216
12.060619999974733,-2.5944501991670386,51.45106135992861,59.97999405027432
12.141279999981634,-2.5944557980564236,51.45106183983341,60.01998611731155
12.22196999998414,-2.594461399028212,51.45106231991671,60.05999305865866
12.30262999999104,-2.5944669979175976,51.451062799821514,60.09998512569589
12.443799999979092,-2.5944767970152216,51.45106363974416,60.16997868015516
12.504349999973783,-2.594481,51.451064,60.2
12.58497999998508,-2.5944875064653505,51.45106494069379,60.22351734464032
12.66569999998319,-2.5944940201932805,51.45106588243758,60.24706093956846
12.746350000001257,-2.5945005282725386,51.451066823364705,60.270584117608905
12.806839999975637,-2.594505409533717,51.451067529089215,60.288227230302574
12.887529999978142,-2.5945119208407874,51.45106847048301,60.31176207513478
12.94804999997723,-2.594516804522828,51.45106917655752,60.329413937932884
13.08918999999878,-2.594528193863267,51.45107082320915,60.370580228675486
13.169880000001285,-2.594534705170337,51.45107176460294,60.394115073507685
13.230389999982435,-2.594539588045423,51.45107247056079,60.411764019601485
13.311049999989336,-2.5945460969316336,51.451073411604575,60.43529011433775
13.391709999996237,-2.594552605817844,51.45107435264836,60.458816209074
13.472399999998743,-2.594559117124914,51.451075294042155,60.4823510539062
13.532909999979893,-2.594564,51.451076,60.5
13.613569999986794,-2.594569582583545,51.45107608332214,60.54999328547528
13.694229999993695,-2.5945751651670896,51.451076166644285,60.59998657095057
13.754749999992782,-2.59457935383503,51.451076229161714,60.637497030120656
13.835399999981746,-2.5945849357264605,51.45107631247353,60.687484117557865
13.916089999984251,-2.5945905203863444,51.45107639582666,60.7374959971113
13.976639999978943,-2.5945947111306236,51.451076458375084,60.77502505035956
14.057299999985844,-2.5946002937141683,51.451076541697226,60.82501833583484
14.13792999999714,-2.5946058742213745,51.451076624988374,60.874993027231966
14.198469999973895,-2.5946100642735397,51.45107668752647,60.912515882442136
14.2791599999764,-2.594615648933423,51.4510767708796,60.96252776199558
14.359789999987697,-2.594621229440629,51.45107685417075,61.012502453392706
14.420339999982389,-2.5946254201849084,51.451076916719174,61.050031506640956
14.500959999975748,-2.594631,51.451077,61.1
14.581649999978254,-2.594636177464515,51.45107723533929,61.09215535679555
14.662309999985155,-2.594641353004084,51.451077470591095,61.084313630176325
14.722789999999804,-2.5946452336962875,51.45107764698619,61.07843379350381
14.803479999973206,-2.5946504111608006,51.451077882325485,61.07058915030219
14.884169999975711,-2.5946555886253155,51.451078117664785,61.06274450709774
14.944659999979194,-2.5946594699591676,51.45107829408905,61.0568636982311
15.025379999977304,-2.594664649348629,51.45107852951585,61.049016138441424
15.105999999999767,-2.594669822321603,51.45107876465098,61.04117830060155
15.186689999973169,-2.594674999786116,51.45107899999027,61.03333365739993
15.247179999976652,-2.594678881119968,51.45107917641454,61.02745284853329
15.307730000000447,-2.5946827663037144,51.4510793530138,61.02156620649336
15.469039999996312,-2.594693116741202,51.451079823488236,61.005883725451866
15.5295599999954,-2.594697,51.45108,61.0
15.610249999997905,-2.594702020620461,51.451080156894385,61.015689438941145
15.690899999986868,-2.5947070387520776,51.451080313711,61.03137110024231
15.75144999998156,-2.594710806239609,51.451080431444986,61.043144498777124
15.832079999992857,-2.5947158231268044,51.45108058822271,61.058822271263956
15.912739999999758,-2.594720841880633,51.45108074505877,61.074505876977945
15.973279999976512,-2.594724608745952,51.45108086277331,61.08627733109993
16.053939999983413,-2.5947296274997806,51.45108101960937,61.10196093681392
16.1951199999894,-2.5947384118745074,51.451081294121074,61.12941210783556
16.255629999999655,-2.5947421768731957,51.45108141177729,61.14117772873605
16.336289999977453,-2.5947471956270225,51.45108156861335,61.15686133444438
16.39680999997654,-2.5947509612479207,51.451081686288994,61.16862889975203
16.558149999997113,-2.594761,51.451082,61.2
16.6186699999962,-2.5947630005578226,51.451082,61.2
16.699329999973997,-2.59476566686638,51.451082,61.2
16.86066999999457,-2.5947710001446205,51.451082,61.2
16.921189999993658,-2.594773000702443,51.451082,61.2
17.001879999996163,-2.594775668002686,51.451082,61.2
17.08246999999392,-2.5947783319973143,51.451082,61.2
17.163189999992028,-2.5947810002892413,51.451082,61.2
17.22367999999551,-2.5947829998553797,51.451082,61.2
17.304369999998016,-2.594785667155622,51.451082,61.2
17.38506000000052,-2.594788334455865,51.451082,61.2
17.445539999986067,-2.5947903336914413,51.451082,61.2
17.52619999999297,-2.594793,51.451082,61.2
17.58674999998766,-2.5947957018652015,51.45108242029014,61.2
17.66736999998102,-2.594799299294971,51.45108297989033,61.2
17.748059999983525,-2.594802899848285,51.4510835399764,61.2
17.808609999978216,-2.594805601713486,51.451083960266544,61.2
17.889269999985117,-2.5948092009281383,51.45108452014438,61.2
17.969899999996414,-2.594812798804129,51.45108507981398,61.2
18.030469999997877,-2.594815501561772,51.45108550024295,61.2
18.111109999998007,-2.594819099883983,51.451086059981954,61.2
18.25228999997489,-2.594825399625174,51.4510870399417,61.2
18.33293999999296,-2.594828998393606,51.45108759975012,61.2
18.39348999998765,-2.594831700258808,51.45108802004026,61.2
18.53466999999364,-2.594838,51.451089,61.2
18.615319999982603,-2.594844581497205,51.45109016634128,61.175006972639764
18.67583999998169,-2.5948495202722937,51.451091041567246,61.15625213053158
18.756529999984195,-2.594856105033726,51.45109220848699,61.13124670736932
18.837159999995492,-2.5948626848988194,51.451093374539035,61.106259877901074
18.91783999998006,-2.594869268844194,51.45109454131416,61.08125755369383
18.99849999998696,-2.594875851157457,51.45109570780006,61.05626142737858
19.05901999998605,-2.5948807899325455,51.45109658302602,61.037506585270386
19.139709999988554,-2.5948873746939785,51.451097749945774,61.01250116210813
19.220329999981914,-2.5948939537430133,51.451098915853194,60.9875174315949
19.280879999976605,-2.594898894966272,51.451099791513016,60.968753292639704
19.361509999987902,-2.594905474831365,51.45110095756505,60.94376646317146
19.442199999990407,-2.5949120595927977,51.451102124484805,60.9187610400092
19.502739999996265,-2.594917,51.451103,60.9
19.583399999974063,-2.594924264019588,51.451103897800174,60.87551454071425
19.66402999998536,-2.5949315253374614,51.45110479526643,60.85103818833351
19.724609999975655,-2.594936981007021,51.45110546956267,60.83264829094073
19.86577999999281,-2.5949496943921644,51.45110704087993,60.78979418371607
19.94643999999971,-2.594956958411755,51.4511079386801,60.76530872442148
20.02709999997751,-2.594964222431343,51.45110883648028,60.74082326513573
20.087639999983367,-2.5949696744986137,51.451109510331285,60.722445510291806
20.168269999994664,-2.5949769358164865,51.45111040779754,60.69796915791107
20.26909999997588,-2.594986016291259,51.45111153010341,60.66736081598196
20.430449999985285,-2.595000547032158,51.45111332603768,60.61838079047893
20.490999999979977,-2.595006,51.451114,60.6
20.571649999998044,-2.595012306188616,51.45111484595213,60.59230952607829
20.71282999997493,-2.5950233453418514,51.451116326814144,60.578847144083916
20.79348999998183,-2.5950296523123866,51.45111717287117,60.571155716601716
20.854029999987688,-2.5950343860589307,51.45111780788595,60.56538285496301
20.934659999998985,-2.595040690683705,51.4511186536283,60.55769428816505
21.07585999998264,-2.5950517314007815,51.451120134700105,60.54422999904693
21.15651999998954,-2.595058038371317,51.451120980757125,60.536538571564726
21.237209999992047,-2.5950643476876136,51.45112182712882,60.528844283398286
21.31783999997424,-2.5950706523123857,51.45112267287117,60.521155716603104
21.459039999987,-2.5950816930294645,51.45112415394298,60.5076914274822
21.5396999999939,-2.595088,51.451125,60.5
21.6203600000008,-2.595093518905251,51.4511257198572,60.58798254748191
21.68087999999989,-2.595097659794735,51.45112625997322,60.65399672765881
21.76158999998006,-2.595103182121076,51.45112698027666,60.74203381425579
21.822079999983544,-2.595107320957905,51.45112752012494,60.80801527095095
21.90276999998605,-2.595112841915811,51.451128240249886,60.896030541914605
21.98342999999295,-2.595118360821062,51.4511289601071,60.984013089396505
22.0439399999741,-2.5951225010263266,51.45112950013387,61.050016361725
22.124599999981,-2.5951280199315776,51.45113021999108,61.13799890920691
22.18511999998009,-2.5951321608210614,51.4511307601071,61.20401308938381
22.26577999998699,-2.5951376797263124,51.4511314799643,61.291995636865714
22.346429999975953,-2.595143197947344,51.451132199732264,61.37996727649921
22.48760999998194,-2.595152857742079,51.45113345970549,61.53396400415802
22.5481499999878,-2.595157,51.451134,61.6
22.6288099999947,-2.595162582410545,51.45113433327825,61.91661432942415
22.709469999972498,-2.595168164821088,51.451134666556484,62.233228658734056
22.790159999975003,-2.5951737493079077,51.45113499995868,62.54996074700385
22.85067999997409,-2.595177937846045,51.45113525002066,62.78751962643382
22.911189999984344,-2.5951821256920913,51.45113550004132,63.02503925295331
22.991849999991246,-2.5951877081026367,51.45113583331956,63.34165358237746
23.052399999985937,-2.595191898717048,51.451136083505496,63.57933022065308
23.133019999979297,-2.595197478359226,51.45113641661846,63.89578753820686
23.213679999986198,-2.595203060769771,51.451136749896705,64.21240186763102
23.294369999988703,-2.595208645256591,51.4511370832989,64.5291339559008
23.354859999992186,-2.5952128317184537,51.45113733323692,64.76657507648513
23.435539999976754,-2.5952184155131803,51.4511376665978,65.0832679117302
23.51622999997926,-2.595224,51.451138,65.4
23.596859999990556,-2.5952289387384067,51.45113823517802,65.3686429307518
23.657409999985248,-2.595232647539231,51.45113841178758,65.34509498901119
23.73806999999215,-2.595237588115193,51.45113864705311,65.31372625274155
23.818719999981113,-2.5952425280786358,51.451138882289456,65.2823614054866
23.899409999983618,-2.595247470492154,51.451139117642484,65.2509810021955
23.98006999999052,-2.5952524110681168,51.45113935290801,65.21961226592586
24.04061999998521,-2.5952561198689406,51.45113952951757,65.19606432418524
24.12123999997857,-2.5952610579948274,51.45113976466642,65.16471114395173
24.181759999977658,-2.5952647649580958,51.45113994118848,65.14117486923257
24.26241999998456,-2.5952697055340583,51.451140176454004,65.10980613296293
24.32296999997925,-2.5952734143348826,51.451140353063565,65.08625819122231
24.403619999997318,-2.5952783542983267,51.45114058829992,65.05489334395604
24.484279999975115,-2.5952832948742874,51.45114082356544,65.02352460769772
24.544769999978598,-2.595287,51.451141,65.0
24.625489999976708,-2.5952922528741564,51.45114116675791,64.95831052256625
24.706139999994775,-2.595297501193047,51.45114133337121,64.91665719803872
24.766659999993863,-2.5953014395471596,51.451141458398325,64.88540041936785
24.847320000000764,-2.5953066885168017,51.45114162503228,64.84374193014372
24.92797999997856,-2.595311937486442,51.45114179166624,64.80208344093462
24.98851999998442,-2.59531587714206,51.45114191673467,64.77081633285556
25.06917999999132,-2.595321126111702,51.45114208336862,64.72915784363143
25.14983999999822,-2.5953263750813447,51.45114225000258,64.6874993544073
25.230530000000726,-2.595331626003244,51.45114241669852,64.64582537107835
25.291039999981876,-2.5953355637066027,51.451142541704975,64.61457375711912
25.371669999993173,-2.5953408107239877,51.451142708276954,64.57293076199979
25.45235999999568,-2.595346061645887,51.45114287497289,64.53125677867085
25.512879999994766,-2.59535,51.451143,64.5
25.59352999998373,-2.595355253356536,51.451142451141855,64.58624913715641
25.674219999986235,-2.595360509318581,51.45114190201149,64.67254105133271
25.815399999992223,-2.595369705460873,51.45114094122051,64.82352249195175
25.89608999999473,-2.5953749614229187,51.451140392090146,64.90981440612805
25.976739999983693,-2.5953802147794542,51.451139843232,64.99606354328446
26.037229999987176,-2.595384154959701,51.45113943157138,65.06075306972718
26.11791999998968,-2.595389410921747,51.451138882441015,65.1470449839035
26.178429999999935,-2.5953933524047486,51.45113847064428,65.21175589885617
26.259089999977732,-2.595398606412661,51.45113792171808,65.29801573025199
26.400299999979325,-2.595407804509084,51.45113696072293,65.44902925362038
26.480919999972684,-2.595413055911489,51.45113641206895,65.53524630802742
26.54146999999648,-2.595417,51.451136,65.6
26.622129999974277,-2.595421424808261,51.4511349788904,65.71912945318684
26.682649999973364,-2.595424744785896,51.451134212741714,65.80851346643682
26.763299999991432,-2.5954291690455844,51.45113319175871,65.9276281503485
26.843989999993937,-2.5954335954995726,51.451132170269325,66.04680191157576
26.90447999999742,-2.5954369138314823,51.45113140450042,66.13614161682831
26.985169999999925,-2.5954413402854706,51.45113038301105,66.25531537805557
27.06581999998889,-2.595445764545157,51.45112936202804,66.37443006192427
27.126309999992372,-2.5954490828770664,51.45112859625914,66.46376976717681
27.207029999990482,-2.5954535109767805,51.45112757438997,66.58298783640151
27.287659999972675,-2.5954579341393162,51.45112655366016,66.70207298159092
27.348199999978533,-2.595461255214102,51.451125787258285,66.79148653352019
27.428859999985434,-2.595465680022365,51.45112476614869,66.91061598675002
27.48937999998452,-2.595469,51.451124,67.0
27.570039999991423,-2.595472076541656,51.451121923334384,67.03076541656195
27.630549999972573,-2.595474384520029,51.45112036544898,67.05384520028899
27.711239999975078,-2.595477462205948,51.45111828801098,67.08462205947878
27.79189999998198,-2.595480538747604,51.451116211345365,67.11538747604072
27.933069999999134,-2.595485923267634,51.451112576794344,67.16923267634083
28.01372999997693,-2.595488999809289,51.45111050012873,67.19999809289166
28.074259999993956,-2.595491308550505,51.45110894172841,67.22308550505207
28.15488999997615,-2.5954943839478974,51.451106865835165,67.25383947897508
28.235539999994216,-2.595497460108133,51.451104789427006,67.28460108133145
28.31622999999672,-2.595500537794052,51.451102711989016,67.31537794052123
28.37674999999581,-2.5955028461538463,51.45110115384615,67.33846153846495
28.457439999998314,-2.5955059238397653,51.451099076408155,67.36923839765474
28.538089999987278,-2.595509,51.451097,67.4
28.59863999998197,-2.595510751301545,51.45109493596603,67.29367097761354
28.67929999998887,-2.5955130842492355,51.45109218642054,67.15202772497642
28.759959999995772,-2.595515417196926,51.45108943687505,67.01038447233931
28.84061999997357,-2.595517750144616,51.45108668732956,66.8687412197533
28.901129999983823,-2.595519500289232,51.45108462465912,66.76248243946826
28.981819999986328,-2.5955218341046193,51.45108187409098,66.6207865052423
29.122959999978775,-2.595525916329229,51.451077062897696,66.3729371539601
29.20364999998128,-2.5955282501446164,51.45107431232956,66.23124121973413
29.28430999998818,-2.5955305830923066,51.451071562784065,66.089597967097
29.344859999982873,-2.595532334393852,51.4510694987501,65.98326894471056
29.425479999976233,-2.595534666184613,51.45106675056814,65.84169593422597
29.506169999978738,-2.595537,51.451064,65.7
29.566689999977825,-2.595537692488129,51.45106088380342,65.6018975151147
29.647349999984726,-2.5955386154242235,51.451056730591,65.47114823501482
29.72803999998723,-2.5955395387035876,51.451052575833856,65.34035032513776
29.788549999997485,-2.595540231077293,51.451049460152184,65.24226405016246
29.869209999975283,-2.5955411540133877,51.451045306939754,65.11151477010976
29.949869999982184,-2.5955420769494824,51.45104115372733,64.98076549000989
30.01044999997248,-2.595542770124149,51.45103803444133,64.8825657455702
30.091069999994943,-2.595543692602552,51.45103388328852,64.75188130515753
30.17172999997274,-2.5955446155386466,51.45102973007609,64.62113202510481
30.252419999975245,-2.59554553881801,51.45102557531895,64.49033411522775
30.393559999996796,-2.595547153784542,51.45101830796956,64.26154718992977
30.4742499999993,-2.5955480770639054,51.45101415321242,64.1307492800527
30.5549099999771,-2.595549,51.45101,64.0
30.635599999979604,-2.5955505836604416,51.451006665978014,63.9083143955036
30.696109999989858,-2.595551771258574,51.45100416577142,63.839558714144765
30.77676999999676,-2.595553354330221,51.451000832989,63.747907197735266
30.857429999974556,-2.5955549374018676,51.45099750020659,63.656255681358836
30.91797999999835,-2.5955561257850595,51.45099499834724,63.58745454919542
30.99859999999171,-2.595557708071647,51.45099166721758,63.4958484835905
31.139809999993304,-2.5955604795264855,51.45098583257582,63.335395835050655
31.220470000000205,-2.5955620625981326,51.450982499793405,63.24374431864116
31.301159999973606,-2.5955636462585736,51.45097916577142,63.152058714177834
31.44232999999076,-2.595566416928353,51.45097333278241,62.9916515164095
31.522989999997662,-2.595568,51.45097,62.9
31.583539999992354,-2.5955695895015216,51.45096711534909,62.86467774396714
31.664159999985714,-2.595571705861764,51.45096327454717,62.81764751636378
31.74484999998822,-2.59557382405958,51.45095943041039,62.770576453777
31.80539999998291,-2.5955754135611016,51.45095654575948,62.73525419774415
31.886029999994207,-2.5955775301838546,51.45095270448115,62.68821813656202
32.02722999997786,-2.59558123683315,51.4509459775991,62.60584815222347
32.107889999984764,-2.5955833542434346,51.45094213489154,62.55879459033902
32.188549999991665,-2.5955854716537194,51.45093829218399,62.511741028454566
32.249059999972815,-2.5955870601051982,51.45093540943871,62.4764421067028
32.32974999997532,-2.5955891783030145,51.450931565301936,62.42937104411602
32.41040999998222,-2.5955912957132994,51.450927722594386,62.38231748223157
32.47088999999687,-2.5955928833772473,51.45092484127833,62.34703606116515
32.551519999979064,-2.595595,51.450921,62.3
32.63226999997278,-2.5955945829632077,51.450916579410006,62.333362943372954
32.712899999984074,-2.5955941665461606,51.450912165389305,62.36667630714692
32.77341999998316,-2.5955938539880594,51.45090885227343,62.39168095523432
32.85409999999683,-2.595593437312785,51.450904435515525,62.42501497717854
32.93475999997463,-2.595593020740802,51.450900019852504,62.45834073584023
32.99527999997372,-2.595592708182701,51.45089670673663,62.483345383927634
33.07596999997622,-2.595592291455781,51.45089228943128,62.516683537501095
33.13647999998648,-2.5955919789493254,51.45088897686285,62.541684053959266
33.21713999999338,-2.5955915623773422,51.45088456119983,62.57500981263298
33.35834999999497,-2.5955908330923214,51.450876830778604,62.63335261429384
33.43896999998833,-2.5955904167269197,51.45087241730535,62.66666184642654
33.519659999990836,-2.59559,51.450868,62.7
33.58017999998992,-2.595590470698036,51.45086546999806,62.70588372545204
33.660839999996824,-2.5955910980361656,51.45086209805561,62.713725452071486
33.74148999998579,-2.5955917252965195,51.45085872653121,62.721566206493975
33.80203999998048,-2.5955921962278823,51.45085619527513,62.72745284853123
33.882669999991776,-2.595592823332685,51.45085282458682,62.73529165856546
34.02390000000014,-2.595593921757729,51.45084692055221,62.74902197161325
34.10455999997794,-2.5955945490958583,51.45084354860976,62.75686369822987
34.16504999998142,-2.5955950195605677,51.45084101986195,62.762744507096684
34.24570999998832,-2.595595646898697,51.450837647919506,62.77058623371613
34.386939999996684,-2.595596745323741,51.45083174388489,62.78431654676393
34.46756999997888,-2.5955973724285437,51.45082837319658,62.79215535679533
34.54825999998138,-2.595598,51.450825,62.8
34.60873999999603,-2.5955993399305815,51.45082244775128,62.7617162690995
34.68939999997383,-2.595601126947788,51.45081904390898,62.71065863462801
34.77005999998073,-2.595602913964995,51.45081564006668,62.659601000138096
34.830569999990985,-2.5956042545602247,51.45081308655195,62.62129827929451
34.911289999989094,-2.595606042906728,51.45080968017766,62.5702026649184
34.99192000000039,-2.595607829259287,51.45080627760136,62.519164020371576
35.05240999997477,-2.595609169411417,51.45080372493064,62.48087395951462
35.133099999977276,-2.595610957093272,51.45080031982234,62.4297973350816
35.19360999998753,-2.595612297688502,51.450797766307616,62.39149461423801
35.274299999990035,-2.595614085370357,51.45079436119932,62.340417989805005
35.35493000000133,-2.595615871722916,51.45079095862302,62.28937934525818
35.415469999978086,-2.595617212982793,51.4507884038423,62.25105763448992
35.49612999998499,-2.595619,51.450785,62.2
35.55667999997968,-2.5956196475306244,51.45078205667898,62.18822671592548
35.637309999990975,-2.595620509799728,51.450778137273964,62.172549095857036
35.71799999999348,-2.5956213727104807,51.45077421495237,62.15685980944769
35.77850999997463,-2.5956220198133386,51.45077127357574,62.145094302937544
35.85913999998593,-2.5956228820824423,51.45076735417072,62.12941668286909
35.919659999985015,-2.595623529292242,51.450764412308,62.11764923196502
36.00030999997398,-2.595624391775228,51.45076049193078,62.10196772312004
36.08103000000119,-2.5956252550068055,51.45075656815089,62.086272603534596
36.161659999983385,-2.595626117275909,51.45075264874587,62.07059498347181
36.22220999997808,-2.595626764806533,51.450749705424855,62.058821699397285
36.302859999996144,-2.59562762728952,51.45074578504764,62.04314019054665
36.44406999999774,-2.595629137410072,51.45073892086331,62.01568345323324
36.524729999975534,-2.59563,51.450735,62.0
36.605389999982435,-2.595629833366043,51.45073066751712,62.0
36.746589999995194,-2.5956295416636537,51.450723083255,62.0
36.82724999997299,-2.595629375029697,51.450718750772126,62.0
36.90790999997989,-2.59562920839574,51.450714418289245,62.0
36.98855999999796,-2.595629041782442,51.45071008634349,62.0
37.04907999999705,-2.5956289167553273,51.45070683563851,62.0
37.129739999974845,-2.5956287501213704,51.45070250315563,62.0
37.210459999972954,-2.5956285833634607,51.45069816744998,62.0
37.351599999994505,-2.5956282917850246,51.45069058641063,62.0
37.432260000001406,-2.5956281251510678,51.450686253927756,62.0
37.4928399999917,-2.595628,51.450683,62.0
37.57342999998946,-2.595628783522595,51.45067923909154,61.96865909621324
37.65411999999196,-2.5956295680174226,51.45067547351637,61.93727930310364
37.71463999999105,-2.595630156412849,51.450672649218326,61.9137434860395
37.775119999976596,-2.5956307444193825,51.450669826786964,61.890223224709025
37.8558099999791,-2.5956315289142102,51.45066606121179,61.858843431599425
37.936469999986,-2.5956323131173678,51.45066229703663,61.82747530528441
37.99698999998509,-2.5956329015127944,51.450659472738586,61.80393948822027
38.15832999997656,-2.5956344701135565,51.45065194345493,61.74119545773473
38.218849999975646,-2.595635058508983,51.45064911915688,61.7176596406706
38.29950999998255,-2.595635842712141,51.450645354981724,61.68629151435558
38.38019999998505,-2.595636627206969,51.45064158940655,61.65491172124599
38.460849999974016,-2.5956374113129033,51.45063782569806,61.62354748387005
38.52139999999781,-2.595638,51.450635,61.6
38.60205999997561,-2.5956390610795164,51.450630674060434,61.64897290075764
38.743229999992764,-2.5956409181659956,51.45062310286171,61.73468458440132
38.82385999997496,-2.595641978850863,51.450618778531094,61.78363927059402
38.904579999973066,-2.5956430407196778,51.45061444937362,61.832648600499205
38.98523999997997,-2.5956441017991945,51.45061012343405,61.881621501274516
39.04574999999022,-2.5956448978061566,51.450606878174895,61.918360284142885
39.12640999999712,-2.5956459588856733,51.45060255223533,61.96733318491819
39.20709999999963,-2.595647020359839,51.45059822468681,62.01632430025844
39.287759999977425,-2.5956480814393554,51.45059389874724,62.06529720101608
39.34826999998768,-2.5956488774463176,51.450590653488085,62.10203598388445
39.428899999998976,-2.5956499381311855,51.450586329157474,62.15099067009482
39.509619999997085,-2.595651,51.450582,62.2
39.59024999997928,-2.5956513919405015,51.45057847253548,62.21567762006279
39.65072999999393,-2.5956516859323355,51.45057582660898,62.22743729340816
39.73147999998764,-2.595652078456154,51.45057229389461,62.24313824615839
39.81210999999894,-2.5956524703966557,51.450568766430095,62.25881586622684
39.872629999998026,-2.5956527645829284,51.45056611875364,62.270583317130914
39.95328999997582,-2.5956531566692593,51.45056258997666,62.28626677036415
40.01382999998168,-2.595653450952751,51.45055994142523,62.298038110050406
40.094519999984186,-2.5956538431849117,51.450556411335796,62.31372739645975
40.17511999999988,-2.595654234979584,51.45055288518374,62.32939918335775
40.23565999997663,-2.595654529263076,51.45055023663231,62.34117052303835
40.316319999983534,-2.595654921349407,51.45054670785534,62.35685397627724
40.39700999998604,-2.595655313581567,51.450543177765894,62.372543262686584
40.477639999997336,-2.595655705522069,51.45053965030138,62.388220882755036
40.53821999998763,-2.595656,51.450537,62.4
40.61883999998099,-2.5956576656336514,51.450533835296056,62.39167183174323
40.69949999998789,-2.595659332093715,51.45053066902194,62.38333953142441
40.7801899999904,-2.595660999173588,51.45052750157018,62.37500413206055
40.840709999989485,-2.595662249535143,51.450525125883225,62.36875232428415
40.98187999997754,-2.595665166150159,51.4505195843147,62.35416924920595
41.06253999998444,-2.5956668326102226,51.45051641804058,62.34583694888713
41.12304999999469,-2.595668082765175,51.450514042746164,62.33958617412474
41.2037399999972,-2.595669749845048,51.450510875294405,62.33125077476088
41.284399999974994,-2.595671416305111,51.450507709020286,62.32291847444507
41.3650899999775,-2.595673083384984,51.450504541568534,62.3145830750812
41.425539999996545,-2.595674332300318,51.4505021686294,62.3083384984089
41.506259999994654,-2.595676,51.450499,62.3
41.586920000001555,-2.5956754616052105,51.450494769755224,62.33076541656194
41.647409999975935,-2.5956750578424925,51.450491597333865,62.353837571866734
41.728069999982836,-2.5956745194477024,51.45048736708909,62.384602988428675
41.808809999987716,-2.5956739805189235,51.450483132648685,62.41539891866856
41.88943999999901,-2.5956734423243795,51.45047890397726,62.44615289260266
41.9499599999981,-2.5956730383614155,51.45047572998255,62.46923649054639
42.030650000000605,-2.59567249976638,51.45047149816441,62.50001334973618
42.111269999993965,-2.5956719616385846,51.45046727001745,62.53076350945361
42.19195999999647,-2.595671423043549,51.45046303819931,62.561540368643385
42.25247999999556,-2.595671019080585,51.45045986420459,62.58462396658712
42.333139999973355,-2.5956704806857953,51.45045563395982,62.61538938313796
42.41386000000057,-2.595669941890513,51.45045140056831,62.64617768496669
42.47430999999051,-2.5956695383947896,51.450448230244774,62.66923458343806
42.55496999999741,-2.595669,51.450444,62.7
42.61554999998771,-2.595670214232968,51.45044144372007,62.54662320402218
42.696169999981066,-2.5956718301369284,51.45043804181699,62.342509019593415
42.77679999999236,-2.595673446241323,51.45043463949195,62.138369517061136
42.837349999987055,-2.5956746598729876,51.45043208447792,61.985068675246495
42.99865999998292,-2.59567789308395,51.450425277718,61.576663079959076
43.05920999997761,-2.5956791067156146,51.45042272270397,61.42336223814444
43.13983999998891,-2.59568072282001,51.45041932037893,61.219222735612156
43.22055999998702,-2.5956823407283163,51.450415914256176,61.01485537059032
43.30124999998952,-2.595683958035319,51.45041250939933,60.81056395973166
43.36172999997507,-2.5956851702639407,51.45040995733907,60.65744034434692
43.442419999977574,-2.5956867875709433,51.45040655248222,60.45314893348826
43.50290999998106,-2.595688,51.450404,60.3
43.66421999997692,-2.5956896322792815,51.450396328287376,60.28367720718475
43.74490999997943,-2.595690448773084,51.450392490766504,60.2755122691627
43.805429999978514,-2.5956910611687327,51.45038961250695,60.26938831267402
43.886089999985415,-2.595691877358968,51.45038577641285,60.26122641032063
43.96673999997438,-2.5956926934480142,51.45038194079433,60.253065519858765
44.047429999976885,-2.5956935099418166,51.45037810327346,60.24490058183672
44.128089999983786,-2.5956943261320515,51.450374267179356,60.23673867948333
44.18860999998287,-2.5956949385277004,51.450371388919805,60.23061472299465
44.26926000000094,-2.595695754616747,51.450367553301284,60.222453832529844
44.34994999997434,-2.595696571110549,51.45036371578042,60.21428889451074
44.41046999997343,-2.5956971835061977,51.45036083752087,60.20816493802205
44.491159999975935,-2.595698,51.450357,60.2
44.63232999999309,-2.5956986999771914,51.45035308012773,60.2
44.71295999997528,-2.5956990997729052,51.45035084127173,60.2
44.77350999999908,-2.595699400003967,51.45034915997778,60.2
44.85412999999244,-2.5956997997500966,51.45034692139946,60.2
44.93481999999494,-2.5957001998433147,51.450344680877436,60.2
44.99533999999403,-2.595700499925624,51.4503430004165,60.2
45.07600000000093,-2.59570089987009,51.4503407607275,60.2
45.156649999989895,-2.595701299764972,51.450338521316155,60.2
45.21716999998898,-2.595701599847281,51.45033684085523,60.2
45.297829999995884,-2.595701999791747,51.45033460116622,60.2
45.358379999990575,-2.5957023000228086,51.450332919872274,60.2
45.438999999983935,-2.5957026997689385,51.45033068129395,60.2
45.499549999978626,-2.595703,51.450329,60.2
45.58020999998553,-2.595703615273129,51.45032546217951,60.21538182823829
45.64069000000018,-2.595704076613557,51.45032280947205,60.226915338925096
45.72137999997358,-2.595704692115526,51.45031927033573,60.242302888144444
45.802069999976084,-2.5957053076174947,51.45031573119941,60.25769043736934
45.86258999997517,-2.5957057692630414,51.450313076737515,60.26923157603643
45.943209999997634,-2.5957063842310517,51.450309540671455,60.284605776294434
46.02390000000014,-2.5957069997330207,51.45030600153513,60.29999332551933
46.10455999997794,-2.59570761500615,51.450302463714635,60.31537515375207
46.165079999977024,-2.5957080766516967,51.45029980925275,60.32691629241916
46.24572999999509,-2.5957086918485466,51.450296271870855,60.34229621366377
46.3264199999976,-2.5957093073505155,51.45029273273454,60.35768376288866
46.407079999975394,-2.595709922623645,51.45028919491404,60.3730655911214
46.46759999997448,-2.5957103842691915,51.45028654045215,60.3846067297885
46.54831999997259,-2.595711,51.450283,60.4
46.628939999995055,-2.5957115710845082,51.45027818657343,60.3673665995316
46.70959999997285,-2.5957121424523626,51.45027337075866,60.334717007863
46.77012000000104,-2.595712571155345,51.450269757404946,60.31021969458196
46.93145999999251,-2.5957137140327267,51.450260124581305,60.24491241562109
46.992009999987204,-2.5957141429482187,51.45025650943644,60.22040295893989
47.072669999994105,-2.595714714316073,51.45025169362167,60.18775336725951
47.1532999999763,-2.5957152854714174,51.450246879598055,60.15511591900284
47.23401999997441,-2.5957158572642913,51.45024206020097,60.122442040498576
47.29452999998466,-2.595716285896437,51.45023844744431,60.09794877502938
47.37515999999596,-2.595716857051782,51.450233633420694,60.06531132676093
47.45584999999846,-2.595717428632146,51.45022881581477,60.03264959166861
47.53650999997626,-2.595718,51.450224,60.0
47.597019999986514,-2.595718319172504,51.45022112744746,59.961699299512695
47.677679999993416,-2.5957187446303487,51.45021729832686,59.91064435816339
47.73822999998811,-2.5957190640138412,51.45021442387543,59.87231833909365
47.87939999997616,-2.5957198086441893,51.45020772220229,59.782962697275465
47.960029999987455,-2.595720233943793,51.45020389450586,59.73192674486759
48.040749999985565,-2.5957206597181197,51.45020006253692,59.68083382563542
48.10124999997788,-2.5957209788378766,51.45019719045911,59.64253945480754
48.262559999973746,-2.5957218297008184,51.45018953269263,59.540435901768355
48.34328000000096,-2.595722255475146,51.45018570072369,59.489342982517755
48.42390999998315,-2.595722680774749,51.450181873027255,59.43830703012831
48.48442999998224,-2.595723,51.450179,59.4
48.56508000000031,-2.5957226923986423,51.4501760777871,59.39230996605347
48.64576999997371,-2.5957223846447235,51.45017315412487,59.384616118083194
48.72642999998061,-2.595722077005225,51.45017023154964,59.376925130630724
48.7869499999797,-2.595721846180251,51.450168038712384,59.37115450627446
48.86766999997781,-2.595721538311911,51.45016511396316,59.36345779778083
48.94829000000027,-2.595721230824974,51.450162192837254,59.355770624354875
49.02894999997807,-2.595720923185476,51.45015927026203,59.34807963690518
49.08949999997276,-2.595720692246081,51.450157076337774,59.34230615202834
49.170129999984056,-2.595720384721004,51.450154154849535,59.33461802509645
49.25080999999773,-2.595720077005225,51.45015123154964,59.326925130629334
49.31135999999242,-2.59571984606583,51.45014903762539,59.321151645752494
49.39201999999932,-2.595719538426332,51.45014611505015,59.31346065830002
49.47264999998151,-2.595719230901255,51.45014319356192,59.305772531370906
49.53318999998737,-2.595719,51.450141,59.3
49.61384999999427,-2.5957175002014354,51.45013741714788,59.3
49.69451000000117,-2.5957160004028714,51.45013383429575,59.3
49.75508999999147,-2.5957148739734515,51.45013114338102,59.3
49.83570999998483,-2.5957133749186507,51.45012756230567,59.3
49.91636999999173,-2.5957118751200867,51.450123979453544,59.3
49.97688999999082,-2.5957107498063117,51.45012129120396,59.3
50.05754999999772,-2.595709250007747,51.45011770835184,59.3
50.11805999997887,-2.595708124879913,51.450115020546455,59.3
50.19871999998577,-2.595706625081349,51.45011143769433,59.3
50.27937999999267,-2.5957051252827847,51.45010785484221,59.3
50.360069999995176,-2.595703624926398,51.450104270657505,59.3
50.42054999998072,-2.5957025003563867,51.4501015841847,59.3
50.50123999998323,-2.595701,51.450098,59.3
50.58189999999013,-2.595699902126253,51.45009517689608,59.32352586601027
50.66261999998824,-2.595698803435838,51.450092351692156,59.347069232042294
50.743249999999534,-2.5956977059704247,51.450089529638234,59.3705863480417
50.8238999999885,-2.5956966082327892,51.45008670688431,59.394109297376026
50.88438999999198,-2.5956957848955344,51.450084589731375,59.41175223854788
50.96510999999009,-2.5956946862051193,51.45008176452745,59.43529560457989
51.04576999999699,-2.5956935883313723,51.45007894142353,59.45882147059017
51.10627999997814,-2.5956927647218953,51.45007682357059,59.47647024509695
51.14662999997381,-2.5956922155127993,51.45007541131863,59.48823901144125
51.22727999999188,-2.5956911177751634,51.45007258856471,59.511761960784064
51.307969999994384,-2.5956900194930825,51.450069764410785,59.535296576805216
51.36848999999347,-2.595689195747494,51.45006764620784,59.55294826798794
51.44917999999598,-2.5956880974654126,51.45006482205392,59.57648288400908
51.52980999997817,-2.595687,51.450062,59.6
51.61048999999184,-2.5956817232372664,51.45006089358201,59.548934554192996
51.67100999999093,-2.5956777650111813,51.450060063631376,59.51062914046383
51.75166999999783,-2.59567248955652,51.45005895748766,59.45957635342308
51.83232999997563,-2.5956672141018613,51.45005785134394,59.40852356640076
51.892869999981485,-2.5956632545677034,51.45005702111904,59.37020549390533
51.97349999999278,-2.5956579810751506,51.45005591538673,59.31917169500476
52.05418999999529,-2.5956527036583816,51.450054808831595,59.26809991982384
52.11473999998998,-2.5956487434701887,51.450053978469555,59.229775517954494
52.19535999998334,-2.5956434706316727,51.45005287287438,59.178748048446266
52.255879999982426,-2.5956395124055875,51.45005204292375,59.1404426347171
52.33656999998493,-2.5956342349888186,51.450050936368626,59.089370859536174
52.47776999999769,-2.595625,51.450049,59.0
52.55836999998428,-2.5956199274823364,51.45004800086773,58.946200570233465
52.61891999997897,-2.595616116800642,51.450047250278914,58.905784249233214
52.69956999999704,-2.5956110411362534,51.45004625052684,58.85195144510958
52.86091999997734,-2.595600886660756,51.450044250402875,58.74425246256348
52.92143999997643,-2.5955970778670956,51.45004350018594,58.70385616616195
53.00212999997893,-2.595591999685329,51.450042499938014,58.64999666257983
53.0827500000014,-2.595586925908974,51.45004150055782,58.59618388305491
53.1634399999748,-2.5955818477272095,51.4500405003099,58.54232437949222
53.22392999997828,-2.5955780408215823,51.45003975046485,58.50194810768941
53.30461999998079,-2.595572962639816,51.45003875021693,58.448088604107284
53.385269999998854,-2.5955678869754273,51.45003775046485,58.39425579998365
53.44578999999794,-2.5955640781817664,51.450037000247924,58.353859503582115
53.52648000000045,-2.595559,51.450036,58.3
53.586999999999534,-2.595555871658544,51.45003689381184,58.20423444521784
53.6676499999885,-2.5955517027765476,51.45003808492098,58.07661560859787
53.7483099999954,-2.59554753337764,51.45003927617781,57.948980948163204
53.88951999999699,-2.5955402340865454,51.45004136168956,57.725533261594386
53.97013999999035,-2.59553606675528,51.45004255235563,57.59796189632641
54.050889999984065,-2.59553189270418,51.45004374494166,57.47018482183577
54.11137999998755,-2.5955287659134547,51.45004463831044,57.37446673840561
54.19203999999445,-2.5955245965145473,51.45004582956727,57.246832077970936
54.25258000000031,-2.5955214671392697,51.45004672367449,57.15103487560543
54.333239999978105,-2.5955172977403635,51.450047914931325,57.023400215216824
54.47441999998409,-2.59551,51.45005,56.8
54.55503999997745,-2.5955048269767356,51.45004874593375,56.72162085962995
54.61559000000125,-2.5955009417552173,51.45004780406187,56.662753866927616
54.696249999979045,-2.5954957661653335,51.45004654937341,56.58433583838596
54.77693999998155,-2.595490588650483,51.4500452942183,56.50588864368022
54.837449999991804,-2.5954867059955857,51.450044352968625,56.4470605391778
54.918109999998705,-2.5954815304057,51.45004309828017,56.36864251060785
54.9987699999765,-2.5954763548158164,51.45004184359171,56.290224482066186
55.0593200000003,-2.595472469594298,51.45004090171983,56.23135748936385
55.13993999999366,-2.5954672965710337,51.45003964765358,56.152978348993805
55.22065999999177,-2.595462117131218,51.450038392031814,56.07450198815229
55.30128999997396,-2.5954569434662993,51.450037137810014,55.99611312574642
55.36180999997305,-2.595453060169748,51.45003619640479,55.93727529920816
55.442459999991115,-2.5954478852215166,51.450034941871884,55.85886699267404
55.58366999999271,-2.595441882733813,51.450034313669065,55.839208633097236
55.6642999999749,-2.5954397662551045,51.45003462722147,55.878402683254215
55.74500999998418,-2.5954376476764534,51.45003494108497,55.91763562123303
55.805529999983264,-2.595436059070581,51.45003517643399,55.94705424849321
55.886189999990165,-2.595433941804394,51.450035490103055,55.98626288159045
55.94670999998925,-2.595432353198522,51.450035725452075,56.01568150885063
56.027359999978216,-2.595430236194828,51.45003603908225,56.05488528096307
56.10801999998512,-2.595428118928641,51.45003635275131,56.09409391406031
56.168539999984205,-2.5954265303227686,51.45003658810033,56.12351254132049
56.24922999998671,-2.5954244122691033,51.45003690188606,56.162735757343846
56.309739999996964,-2.5954228239257238,51.45003713719619,56.19214952363337
56.39039999997476,-2.5954207066595374,51.45003745086525,56.23135815671646
56.47105999998166,-2.59541858939335,51.450037764534315,56.2705667898137
56.61225999999442,-2.595415333746539,51.45003783337465,56.25834366347595
56.672749999997905,-2.595414084004793,51.45003770840048,56.227100119819156
56.75344000000041,-2.59541241692492,51.45003754169249,56.18542312299985
56.813979999977164,-2.595411166150159,51.45003741661502,56.154153753977745
56.89460999998846,-2.5954095003099042,51.45003725003099,56.11250774760884
56.975299999990966,-2.5954078332300314,51.450037083323004,56.07083075078953
57.03578999999445,-2.5954065834882853,51.450036958348825,56.03958720713274
57.11643999998341,-2.595404917234825,51.450036791723484,55.997930870623726
57.19712999998592,-2.5954032501549524,51.45003662501549,55.95625387380442
57.27778999999282,-2.5954015836948887,51.45003645836949,55.914592372210315
57.33833999998751,-2.5954003327135244,51.45003633327135,55.88331783810312
57.41896999999881,-2.5953986668732694,51.450036166687326,55.84167183173422
57.56016999998246,-2.5953929989888977,51.4500357646464,55.84118687899709
57.64085999998497,-2.5953876645277956,51.45003545085457,55.8961004491628
57.721489999996265,-2.595382334033327,51.45003513729608,55.950973186341436
57.78205999999773,-2.5953783297166964,51.45003490174804,55.99219409283436
57.862719999975525,-2.595372997238913,51.450034588072874,56.047087246486726
58.00389999998151,-2.595363663750025,51.45003403904412,56.143167279155996
58.08452999999281,-2.595358333255556,51.45003372548562,56.19804001633463
58.1450499999919,-2.5953543322444537,51.45003349013203,56.239226895331726
58.2257099999988,-2.595348999766668,51.45003317645686,56.2941200490039
58.306369999976596,-2.5953436672888848,51.4500328627817,56.349013202656266
58.3870599999791,-2.595338332827783,51.45003254898987,56.403926772821976
58.447569999989355,-2.595334332477785,51.450032313675166,56.445106846327825
58.528229999996256,-2.595329,51.450032,56.5
58.60891999999876,-2.5953202484635005,51.450032,56.616687153324534
58.66942999997991,-2.595313685624569,51.450032,56.70419167241301
58.75008999998681,-2.5953049373418318,51.450032,56.820835442244096
58.830749999993714,-2.5952961890590944,51.450032,56.937479212075175
58.91146999999182,-2.595287434268833,51.450032,57.054209748893165
58.97198999999091,-2.595280870345312,51.450032,57.14172872917418
59.05260999998427,-2.595272126400926,51.450032,57.25831465431927
59.13326999999117,-2.595263378118189,51.450032,57.37495842415036
59.21398999998928,-2.5952546233279272,51.450032,57.49168896096834
59.274479999992764,-2.595248062658168,51.450032,57.5791645577559
59.35512999998173,-2.59523931546002,51.450032,57.695793866394446
59.43581999998423,-2.595230563923521,51.450032,57.81248101971898
59.49633999998332,-2.595224,51.450032,57.9
59.57699999999022,-2.595217231995575,51.45003207690914,57.91538182823829
59.657689999992726,-2.595210461473916,51.450032153846884,57.930769377463186
59.73833999998169,-2.5952036943085712,51.450032230746494,57.946149298702245
59.79885999998078,-2.5951986162075573,51.450032288452185,57.95769043736934
59.87954999998328,-2.5951918456858984,51.45003236538993,57.973077986594234
59.96017999999458,-2.595185080198708,51.45003244227047,57.98845409384592
60.02068999997573,-2.595180002936774,51.450032499966625,57.99999332551378
60.10140999997384,-2.595173229897881,51.450032576932976,58.01538659572528
60.182039999985136,-2.59516646441069,51.450032653813516,58.030762702976965
60.24254999999539,-2.595161387148754,51.45003271150967,58.042301934650375
60.32320999997319,-2.5951546191443313,51.45003278841881,58.057683762883116
60.40389999997569,-2.5951478486226724,51.45003286535656,58.07307131210801
60.46444999999949,-2.5951427680044223,51.45003292309086,58.08461817176726
60.545109999977285,-2.595136,51.450033,58.1
60.62575999999535,-2.5951220039046734,51.45003183365872,58.16664807298468
60.70641999997315,-2.595108006073942,51.450030667172825,58.2333044098013
60.766969999996945,-2.5950974981561217,51.45002979151301,58.28334211370588
60.84759999997914,-2.595083505531625,51.450028625460966,58.34997365893048
60.92831999997725,-2.5950694972884194,51.450027458107364,58.416679578955176
61.008969999995315,-2.5950555011930927,51.450026291766086,58.48332765193986
61.06951999999001,-2.5950449932752777,51.45002541610627,58.533365355820386
61.150119999976596,-2.595031005857015,51.450024250488084,58.59997210945297
61.21068999997806,-2.5950204944683755,51.45002337453903,58.65002634106952
61.291319999989355,-2.5950065018438733,51.450022208486985,58.716657886318174
61.35183999998844,-2.594995999132293,51.45002133326102,58.76667079860668
61.43249999999534,-2.594982001301556,51.450020166775126,58.833327135447355
61.51317999997991,-2.594968,51.450019,58.9
61.573699999979,-2.5949639606014667,51.4500172111235,58.92308227733418
61.6543599999859,-2.5949585769615835,51.45001482694013,58.95384593381077
61.7350199999928,-2.5949531933217,51.45001244275675,58.98460959028735
61.815709999995306,-2.594947807679471,51.45001005768662,59.01538468873714
61.89635999998427,-2.5949424247070376,51.45000767379883,59.046144531215255
61.95687999998336,-2.594938385308504,51.450005884922334,59.069226808549445
62.03756999998586,-2.594932999666275,51.45000349985221,59.10000190699923
62.11819999999716,-2.5949276180287373,51.45000111655558,59.130754121502605
62.19887999998173,-2.5949222330539583,51.44999873178104,59.16152540595393
62.259399999980815,-2.594918193655425,51.44999694290454,59.184607683288114
62.34014999997453,-2.5949128040085054,51.44999455606091,59.21540566568432
62.42074999999022,-2.5949074243733126,51.44999217365103,59.24614643821449
62.501399999979185,-2.594902041400879,51.449989789763244,59.2769062806926
62.561949999973876,-2.594898,51.449988,59.3
62.72326999998768,-2.594885002148582,51.44998600033055,59.133360879255456
62.78377999999793,-2.594880126745722,51.44998525026857,59.07085571438378
62.86447000000044,-2.5948736254028577,51.44998425006197,58.98750516484161
62.945129999978235,-2.594867126477151,51.449983250227255,58.904185604499396
63.00567999997293,-2.594862247851418,51.449982499669446,58.84163912074454
63.08629999999539,-2.594855752148582,51.44998150033055,58.758360879255456
63.16695999997319,-2.594849253222875,51.449980500495826,58.67504131891325
63.22750999999698,-2.59484437459714,51.449979749938024,58.612494835128324
63.30816999997478,-2.594837875671433,51.4499787501033,58.52917527478612
63.368679999985034,-2.594833000268573,51.44997800004132,58.466670109914446
63.44930999999633,-2.5948265037600193,51.449977000578464,58.38338153871208
63.53002999999444,-2.59482,51.449976,58.3
63.59054999999353,-2.5948146235008522,51.44997549986054,58.36251743195015
63.67116999998689,-2.5948074613501375,51.449974833613965,58.44579825421523
63.75185999998939,-2.5948002929807346,51.449974166788905,58.529151386804294
63.8325499999919,-2.594793124611332,51.449973499963846,58.61250451939337
63.89309999998659,-2.594787745447033,51.44997299957647,58.67505294147379
64.05440999998245,-2.5947734149269155,51.44997166650483,58.841686896327936
64.13506999998935,-2.594766249222664,51.449970999927686,58.92500903878674
64.27624999999534,-2.594753707019265,51.44996983321109,59.0708486131957
64.35692999997991,-2.5947465395382476,51.44996916646867,59.15419141572131
64.43755999999121,-2.5947393764991475,51.449968500139455,59.23748256804984
64.4980799999903,-2.594734,51.449968,59.3
64.5787699999928,-2.5947283519667126,51.44996768622037,59.276466527968715
64.6594599999953,-2.594722703933425,51.449967372440746,59.25293305593744
64.71996999997646,-2.594718468433436,51.44996713713519,59.23528513931673
64.80059999998775,-2.5947128245999496,51.44996682358889,59.21176916645654
64.86114999998244,-2.594708586300092,51.44996658812778,59.19410958371611
64.94182999999612,-2.5947029389667704,51.449966274387045,59.17057902821052
65.02248999997391,-2.5946972930333856,51.44996596072408,59.147054305773274
65.0829799999774,-2.594693058933329,51.4499657254963,59.12941222220393
65.1636399999843,-2.5946874129999418,51.44996541183333,59.1058874997582
65.24431999999797,-2.594681765666621,51.44996509809259,59.0823569442526
65.38549999997485,-2.5946718835332785,51.44996454908518,59.041181388660476
65.46612999998615,-2.594666239699792,51.44996423553888,59.01766541580028
65.52669999998761,-2.594662,51.449964,59.0
65.60735999999451,-2.594655177498857,51.44996243160893,58.976474133989726
65.6679099999892,-2.5946500559709107,51.44996125424619,58.95881369279613
65.7485099999758,-2.594643238544777,51.44995968702179,58.935305326816085
65.82921999998507,-2.5946364118144607,51.4499581176585,58.911764877451525
65.88970999998855,-2.594631295361521,51.44995694146242,58.894121936279674
65.97039999999106,-2.594624470322875,51.44995537248802,58.87058732025853
66.0308799999766,-2.594619354715771,51.44995419648639,58.852947295762625
66.11159999997471,-2.594612527139622,51.44995262692865,58.8294039297306
66.19225999998162,-2.5946057046384787,51.449951058537586,58.80587806372033
66.27288999999291,-2.594598884674839,51.44994949072985,58.782360947720925
66.35357999999542,-2.594592059636193,51.449947921755445,58.75882633169978
66.41408999997657,-2.5945869414915856,51.44994674517048,58.741177557193005
66.49474999998347,-2.594580118990443,51.449945176779416,58.71765169118273
66.55526999998256,-2.594575,51.449944,58.7
66.71660999997403,-2.5945631723324474,51.44994263526913,58.63934529460156
66.77712999997311,-2.594558735674208,51.44994212334703,58.61659320106709
66.85775999998441,-2.594552824772789,51.44994144131994,58.586280886097335
66.9183099999791,-2.594548385915281,51.44994092914408,58.563517514263026
66.99895999999717,-2.5945424735476825,51.44994024694781,58.533197680423065
67.05950999999186,-2.5945380346901747,51.449939734771945,58.510434308588756
67.14013999997405,-2.594532123788758,51.44993905274486,58.48012199362994
67.22082999997656,-2.594526208488802,51.44993837021025,58.44978712206052
67.28136999998242,-2.594521770364383,51.44993785811897,58.427027509655844
67.36199999999371,-2.594515859462964,51.449937176091886,58.39671519468609
67.4225199999928,-2.594511422804725,51.449936664169776,58.37396310115161
67.5032099999953,-2.5945055075047687,51.44993598163517,58.34362822958219
67.61925999997766,-2.594497,51.449935,58.3
67.6394099999743,-2.594494908762786,51.44993509294388,58.28605841857295
67.80071999999927,-2.594478167448885,51.44993583700227,58.174449659232025
67.88140999997267,-2.5944697931595164,51.44993620919291,58.1186210634422
67.94189999997616,-2.594463515296533,51.44993648820905,58.076768643555795
68.02260999998543,-2.5944551389314916,51.44993686049194,58.020926209943205
68.16375999999582,-2.594440489892641,51.44993751156033,57.92326595094071
68.24444999999832,-2.5944321156032695,51.44993788375097,57.867437355130754
68.32506999999168,-2.594423748578743,51.449938255618726,57.81165719161992
68.40575999999419,-2.5944153742893716,51.44993862780936,57.755828595809966
68.4864499999967,-2.594407,51.449939,57.7
68.56710999997449,-2.594400921024971,51.44993876004046,57.81997977030097
68.647799999977,-2.5943948397889782,51.44993851999167,57.94000416490239
68.7284599999839,-2.5943887608139473,51.44993828003213,58.05998393524664
68.80910999997286,-2.594382682592572,51.44993804010234,58.17994883080966
68.88979999997537,-2.594376601356579,51.44993780005355,58.29997322541107
68.97048999997787,-2.5943705201205858,51.44993756000476,58.419997620012495
69.05117999998038,-2.594364438884593,51.44993731995597,58.54002201461391
69.19228999997722,-2.5943538040697343,51.44993690016065,58.74991967629815
69.25284000000102,-2.5943492406933615,51.449936720027374,58.83998631523416
69.33349999997881,-2.594343161718333,51.44993648006783,58.95996608553512
69.41414999999688,-2.5943370834969555,51.44993624013804,59.07993098114142
69.49486999999499,-2.594331,51.449936,59.2
69.55535999999847,-2.594326470381089,51.44993538788934,59.255089959728785
69.63605000000098,-2.59432042814353,51.44993457137075,59.32857663273915
69.71667999998317,-2.5943143903988997,51.44993375545931,59.4020086620282
69.79738999999245,-2.5943083466636985,51.449932938738336,59.475513549612344
69.87804999999935,-2.5943023066726028,51.44993212252332,59.54897290077531
69.95870999997715,-2.5942962666815093,51.449931306308315,59.62243225191177
70.03939999997965,-2.5942902244439505,51.44993048978972,59.69591892492214
70.12008999998216,-2.5942841822063922,51.449929673271136,59.76940559793251
70.1805699999968,-2.5942796533363013,51.44992906126166,59.82448645038766
70.2612299999746,-2.594273613345208,51.44992824504665,59.897945801524116
70.32174999997369,-2.5942690814798337,51.44992763263241,59.953063083100304
70.4024399999762,-2.594263039242275,51.449926816113816,60.02654975611067
70.48308999999426,-2.594257,51.449926,60.1
70.56375000000116,-2.5942511971223015,51.4499255294964,60.19410071943338
70.64446999999927,-2.594245389928057,51.44992505864281,60.288271436912105
70.72512999997707,-2.5942395870503607,51.44992458813922,60.38237215631153
70.80578999998397,-2.5942337841726624,51.44992411763562,60.4764728757449
70.88643999997294,-2.59422798201439,51.44992364719035,60.570561928814755
70.96716000000015,-2.594222174820143,51.44992317633677,60.66473264632744
71.04781999997795,-2.594216371942447,51.44992270583317,60.75883336572686
71.12850999998045,-2.5942105669064754,51.449922235154574,60.85296908418291
71.20919999998296,-2.594204761870504,51.44992176447599,60.94710480263896
71.28985999998986,-2.5941989589928056,51.44992129397239,61.04120552207234
71.37047999998322,-2.5941931589928062,51.449920823702115,61.13525957611951
71.4309999999823,-2.5941888050359716,51.44992047067859,61.205864281543946
71.51168999998481,-2.594183,51.44992,61.3
71.57216999999946,-2.594178681670781,51.44991958016244,61.443944307296555
71.65285999997286,-2.5941729203284454,51.449919020031935,61.6359890518256
71.73351999997976,-2.5941671611281354,51.44991846010968,61.82796239548831
71.81420999998227,-2.5941613997857975,51.44991789997918,62.02000714008663
71.89486999998917,-2.5941556405854875,51.44991734005692,62.21198048374935
71.97552999999607,-2.5941498813851775,51.44991678013467,62.40395382741207
72.05620999998064,-2.5941441207568503,51.44991622007358,62.59597477165234
72.21755999999004,-2.5941326002142024,51.449915100020824,62.97999285991337
72.29824999999255,-2.5941268388718646,51.44991453989032,63.17203760451169
72.37896999999066,-2.5941210753874984,51.44991397955157,63.3641537500456
72.4394199999806,-2.59411675920031,51.44991355992225,63.508026656337286
72.5200799999875,-2.594111,51.449913,63.7
72.58059999998659,-2.594108058137274,51.4499123527902,63.623511569123536
72.6613199999847,-2.5941041343573787,51.44991148955862,63.52149329185491
72.74193999997806,-2.5941002154384605,51.44991062739646,63.419601399970475
72.82262999998056,-2.594096293116858,51.44990976448571,63.317621038309746
72.90328999998746,-2.5940923722535483,51.44990890189578,63.21567859225692
72.98397999998997,-2.594088449931946,51.44990803898503,63.1136982305962
73.06463999999687,-2.594084529068636,51.4499071763951,63.011755784543375
73.14528999998583,-2.5940806086914248,51.449906313912116,62.909825977051035
73.22600999998394,-2.59407668491153,51.44990545068054,62.807807699782416
73.30666999999085,-2.5940727640482204,51.44990458809061,62.70586525372959
73.38732999999775,-2.5940688431849104,51.44990372550068,62.60392280767677
73.46802000000025,-2.594064920863308,51.44990286258993,62.50194244601604
73.54867999997805,-2.594061,51.449902,62.4
73.62935999999172,-2.5940550795303534,51.44990368013328,62.44800380794538
73.70998999997391,-2.594049162729815,51.449905359225326,62.49597786636291
73.770509999973,-2.5940447216437597,51.44990661953353,62.53198667221713
73.8511999999755,-2.594038800440293,51.449908299875055,62.5799964300577
73.91167999999016,-2.5940343622895212,51.449909559350274,62.61598143631387
73.99236999999266,-2.594028441086054,51.449911239691794,62.663991194154434
74.07305999999517,-2.594022519882587,51.44991292003332,62.712000951995
74.15371999997296,-2.5940166008805856,51.4499145997501,62.75999286011539
74.23437999997986,-2.594010681878582,51.44991627946689,62.80798476825309
74.39574999999604,-2.5939988402054683,51.44991963994169,62.903998334039045
74.47640999997384,-2.593992921203467,51.44992131965847,62.95199024215943
74.55709999997634,-2.593987,51.449923,63.0
74.63778999997885,-2.5939810856499195,51.44992430463605,63.008697573647545
74.6982699999935,-2.593976652636003,51.44992528250676,63.01521671176025
74.7789300000004,-2.593970740484838,51.44992658665775,63.02391105170881
74.83944999999949,-2.593966304539035,51.449927565175216,63.030434501419116
74.92013999997289,-2.5939603901889567,51.44992886981126,63.03913207506352
75.00078999999096,-2.5939544787707627,51.44993017380057,63.04782533711346
75.08147999999346,-2.5939485644206823,51.44993147843662,63.056522910761004
75.16214000000036,-2.5939426522695177,51.44993278258761,63.06521725070956
75.24282999997376,-2.593936737919439,51.44993408722365,63.07391482435396
75.32348999998067,-2.5939308257682745,51.449935391374645,63.08260916430252
75.48483000000124,-2.593919,51.449938,63.1
75.56551999997464,-2.593916919535899,51.44993904023205,63.03598571997296
75.64620999997715,-2.5939148390717977,51.4499400804641,62.97197143992284
75.72686999998405,-2.5939127593811984,51.449941120309404,62.90798095994856
75.80758999998216,-2.5939106781435943,51.4499421609282,62.843942879822585
75.88820999997552,-2.5939085994843323,51.449943200257835,62.779984133298164
75.9486699999834,-2.5939070406188023,51.4499439796906,62.73201904007453
76.0293599999859,-2.593904960154701,51.44994501992265,62.6680047600244
76.08986999999615,-2.5939034,51.4499458,62.62
76.17058999999426,-2.593901318762396,51.4499468406188,62.55596191987403
76.25121999997646,-2.5938992398453,51.44994788007735,62.49199523999868
76.33187999998336,-2.5938971601547007,51.44994891992265,62.4280047600244
76.41256999998586,-2.5938950796905993,51.4499499601547,62.36399047997428
76.49322999999276,-2.593893,51.449951,62.3
76.57390999997733,-2.593891479924637,51.44995340011899,62.227996430178436
76.65459999997984,-2.5938899596608658,51.44995580053548,62.15598393575363
76.73525999998674,-2.5938884399623183,51.4499582000595,62.08399821508662
76.81594999998924,-2.5938869196985475,51.449960600475976,62.01198572066182
76.87642999997479,-2.5938857802072492,51.44996239967276,61.95800981705993
76.9571199999773,-2.593884259943478,51.44996480008925,61.88599732263513
77.01760999998078,-2.5938831202637713,51.44996659958352,61.832012494429996
77.09829999998328,-2.5938816,51.449969,61.76000000000519
77.17895999999018,-2.5938800803014526,51.449971399524024,61.68801427933818
77.25963999997475,-2.5938785602260896,51.44997379964302,61.61601070951662
77.34029999998165,-2.593877040527542,51.44997619916704,61.54402498884961
77.42098999998416,-2.5938755202637713,51.44997859958352,61.4720124944248
77.50167999998666,-2.593874,51.449981,61.4
77.58233999999356,-2.59387274523835,51.44998429374933,61.54900294596322
77.66298999998253,-2.5938714906322615,51.44998758709031,61.69798741892702
77.74364999998943,-2.5938702358706114,51.44999088083964,61.84699036489024
77.82436999998754,-2.5938689801755905,51.44999417703907,61.99610414863485
77.90502999999444,-2.5938677254139404,51.44999747078841,62.14510709459806
77.98571999999695,-2.5938664701856045,51.45000076576279,62.294165459451975
78.06640999999945,-2.593865214957269,51.45000406073717,62.44322382430589
78.14702999999281,-2.5938639608178664,51.4500073528531,62.592152878379
78.2075499999919,-2.593863019357724,51.450009824185976,62.70395127025584
78.2882099999988,-2.593861764596074,51.450013117935306,62.85295421621906
78.4495599999791,-2.5938592546060883,51.45001970665902,63.15101552698243
78.53020999999717,-2.593858,51.450023,63.3
78.61089999999967,-2.593858326597521,51.45002675587149,63.32449481406615
78.69158999997308,-2.5938586531950416,51.45003051174298,63.34898962812347
78.77224999997998,-2.5938589796711358,51.45003426621806,63.37347533518363
78.85290999998688,-2.59385930614723,51.45003802069314,63.39796104224378
78.93359000000055,-2.5938596327042753,51.45004177609917,63.42245282064421
79.01427999997395,-2.593859959301796,51.45004553197065,63.44694763470153
79.09493999998085,-2.59386028577789,51.45004928644574,63.47143334176168
79.15545999997994,-2.59386053073615,51.45005210346572,63.489805211227726
79.23614999998244,-2.5938608573336706,51.45005585933721,63.514300025293885
79.2966299999971,-2.593861102130028,51.45005867449532,63.53265975208821
79.37728999997489,-2.593861428606122,51.4500624289704,63.55714545913953
79.51845999999205,-2.593862,51.450069,63.6
79.59914999999455,-2.5938612939821115,51.45007574639315,63.5450874975673
79.67981000000145,-2.593860588226716,51.45008249027805,63.49019541123117
79.76049999997485,-2.593859882208828,51.450089236671204,63.43528290881827
79.84118999997736,-2.5938591761909393,51.45009598306436,63.38037040638558
79.92184999998426,-2.593858470435544,51.450102726949254,63.32547832004944
80.00249999997322,-2.5938577647676455,51.450109469998054,63.27059303909203
80.08322000000044,-2.5938570584872642,51.450116218899474,63.215660120542964
80.16387999997823,-2.5938563527318688,51.45012296278437,63.160768034226635
80.24456999998074,-2.59385564671398,51.450129709177524,63.105855531793935
80.32522999998764,-2.5938549409585847,51.45013645306242,63.050963445457796
80.4058799999766,-2.593854235290687,51.45014319611122,62.99607816450039
80.46639999997569,-2.593853705755396,51.45014825611511,62.95489208633614
80.5470599999826,-2.593853,51.450155,62.9
80.6277199999895,-2.5938516385205346,51.45015942480826,62.780870546773826
80.708409999992,-2.5938502765346922,51.45016385126225,62.66169678555023
80.78905999998096,-2.5938489152240196,51.45016827552194,62.54258210168519
80.86974999998347,-2.593847553238177,51.45017270197593,62.42340834046159
80.95043999998597,-2.5938461912523345,51.450177128429914,62.304234579237985
81.03109999999288,-2.593844829772869,51.450181553238174,62.18510512601182
81.11175999999978,-2.5938434682934033,51.45018597804644,62.06597567278565
81.19240999998874,-2.5938421069827307,51.45019040230613,61.94686098892061
81.27312999998685,-2.593840744490511,51.45019483040584,61.82764291969958
81.35378999999375,-2.5938393830110456,51.4501992552141,61.708513466473406
81.41430999999284,-2.593838361479466,51.45020257519174,61.61912945322617
81.49496999999974,-2.593837,51.450207,61.5
81.55547999998089,-2.5938353198667228,51.450210000237995,61.40399238415541
81.69665999998688,-2.593831399833403,51.45021700029749,61.17999048017694
81.77730999997584,-2.593829160488686,51.450220999127346,61.05202792490973
81.85799999997835,-2.59382692003332,51.4502249999405,60.92400190400155
81.93865999998525,-2.59382468041094,51.45022899926618,60.79602348230101
82.01934999998775,-2.5938224399555745,51.45023300007933,60.66799746139283
82.10003999999026,-2.5938201995002084,51.450237000892486,60.53997144048465
82.18069999999716,-2.593817959877829,51.45024100021816,60.41199301878411
82.26134999998612,-2.5938157205331116,51.45024499904802,60.2840304635169
82.34200999999302,-2.5938134809107316,51.450248998373695,60.15605204181636
82.42272999999113,-2.59381123962238,51.45025300067432,60.02797842170054
82.50338999999803,-2.593809,51.450257,59.9
82.58410999999614,-2.5938072735200612,51.4502602175308,59.83721891132679
82.6647299999895,-2.593805549178973,51.45026343107555,59.77451559903075
82.72524999998859,-2.5938042547467894,51.450265843426436,59.72744533780014
82.80590999999549,-2.5938025295501608,51.45026905856561,59.66471091494418
82.88656999997329,-2.593800804353533,51.450272273704776,59.60197649211086
82.9672599999758,-2.593799078515249,51.45027549003976,59.53921873634627
83.04793999998947,-2.5937973528908507,51.45027870597614,59.476468758210345
83.12859999999637,-2.593795627694222,51.45028192111531,59.413734335354384
83.20925999997417,-2.5937939024975942,51.45028513625448,59.35099991252106
83.28994999997667,-2.593792176659311,51.45028835258946,59.288242156756475
83.37060999998357,-2.593790451462682,51.450291567728634,59.225507733900514
83.45125999997254,-2.593788726479939,51.4502947824692,59.16278108869585
83.53197999999975,-2.593787,51.450298,59.1
83.61263999997755,-2.5937861201309005,51.450302399345496,59.123996429981695
83.67312999998103,-2.593785460283618,51.45030569858191,59.141992264969
83.81432999999379,-2.5937839200218167,51.450313399890916,59.18399940499695
83.89499000000069,-2.593783040152717,51.45031779923641,59.2079958349873
83.97567999997409,-2.593782159956367,51.45032220021817,59.23200118999744
84.0563699999766,-2.593781279760016,51.45032660119992,59.25600654501624
84.13701999999466,-2.5937804,51.450331,59.28
84.21768000000156,-2.5937795201309,51.4503353993455,59.303996429990356
84.29836999997497,-2.59377863993455,51.45033980032725,59.328001785000495
84.37905999997747,-2.5937777597381992,51.450344201309,59.35200714001929
84.45971999998437,-2.5937768798691,51.4503486006545,59.376003570009644
84.54037999999127,-2.593776,51.450353,59.4
84.62105999997584,-2.593774559885762,51.45035716033002,59.39199936534532
84.70174999997835,-2.593773119593027,51.4503613211757,59.383997739038556
84.78243999998085,-2.593771679300292,51.45036548202138,59.3759961127318
84.86306999999215,-2.5937702400785385,51.450369639773115,59.36800043632599
84.9235499999777,-2.5937691605283515,51.450372758473655,59.362002935286185
85.0042399999802,-2.593767720235616,51.45037691931933,59.35400130897942
85.06475999997929,-2.5937666399714407,51.45038004008251,59.34799984133705
85.14541999998619,-2.5937652002141967,51.45038419938121,59.34000118998077
85.22607999999309,-2.593763760456952,51.450388358679916,59.33200253862448
85.30678999997326,-2.5937623198072233,51.45039252055691,59.323998929019325
85.46810999998706,-2.593759440292735,51.45040083915433,59.30800162630676
85.54879999998957,-2.593758,51.450405,59.3
85.62945999999647,-2.5937573044752953,51.45040969479176,59.26522376476345
85.71013999998104,-2.5937566087781323,51.45041439074761,59.23043890661681
85.79079999998794,-2.5937559132534274,51.450419085539366,59.19566267138026
85.87151999998605,-2.593755217211348,51.4504237838234,59.16086056738834
85.93200999998953,-2.593754695610934,51.4504273046262,59.134780546691594
86.01266999999643,-2.593754000086229,51.45043199941796,59.100004311455045
86.07317999997758,-2.593753478313357,51.45043552138484,59.0739156678482
86.15386999998009,-2.5937527825299647,51.45044021792274,59.03912649823397
86.23452999998699,-2.5937520870052597,51.450444912714495,59.00435026299742
86.31518999999389,-2.5937513914805552,51.45044960750626,58.96957402776087
86.39586999997846,-2.5937506957833922,51.4504543034621,58.934789169614234
86.55721999998786,-2.593748745250549,51.45046245056099,58.91568436813482
86.63787999999477,-2.5937474905010984,51.45046590112198,58.93136873626965
86.71856999999727,-2.593746235284967,51.450469352966344,58.947058937915195
86.79925999999978,-2.593744980068835,51.4504728048107,58.96274913956074
86.87990999998874,-2.593743725474945,51.4504762549439,58.97843156318822
86.96059999999125,-2.5937424702588134,51.450479706788265,58.994121764833764
87.04128999999375,-2.5937412150426815,51.45048315863262,59.00981196647931
87.12195000000065,-2.593739960293231,51.45048660919362,59.02549633461413
87.20257999998285,-2.5937387060104613,51.45049005847123,59.04117486923257
87.2631199999887,-2.5937377642483517,51.45049264831703,59.05294689560119
87.3437799999956,-2.593736509498901,51.45049609887802,59.068631263736016
87.4244399999734,-2.593735254749451,51.45049954943901,59.08431563186518
87.5050999999803,-2.593734,51.450503,59.1
87.64632999998867,-2.5937335712898038,51.45050871613595,59.12858067976144
87.72695999999996,-2.5937333265337097,51.450511979550534,59.14489775268753
87.80767999999807,-2.593733081504417,51.45051524660778,59.16123303888842
87.88833999997587,-2.5937328366572565,51.45051851123658,59.17755618290022
87.96902999997837,-2.59373259171903,51.4505217770796,59.19388539800951
88.04970999999205,-2.5937323468111586,51.45052504251789,59.21021258942357
88.13037999998778,-2.593732101933643,51.45052830755143,59.2265377571365
88.19086999999126,-2.5937319183134506,51.45053075582066,59.23877910330067
88.27155999999377,-2.593731673375224,51.450534021663685,59.25510831840997
88.33203999997932,-2.593731489785387,51.450536469528174,59.26734764087301
88.41272999998182,-2.5937312448471603,51.4505397353712,59.28367685598231
88.49338999998872,-2.593731,51.450543,59.3
88.57407999999123,-2.593730686211221,51.45054731459571,59.386291914176304
88.65476999999373,-2.5937303724224425,51.45055162919142,59.47258382835261
88.7354199999827,-2.5937300587892165,51.450555941648275,59.55883296550902
88.8160799999896,-2.593729745117102,51.450560254639846,59.64509279693597
88.8967699999921,-2.593729431328323,51.45056456923556,59.73138471111228
88.97745999999461,-2.5937291175395445,51.45056888383127,59.817676625288584
89.05814999999711,-2.5937288037507655,51.45057319842697,59.90396853946489
89.13880999997491,-2.5937284900786515,51.450577511418544,59.99022837086071
89.21945999999298,-2.5937281764454254,51.4505818238754,60.07647750804825
89.30017999999109,-2.593727862539982,51.45058614007525,60.16280150497392
89.38080999997328,-2.5937275489845324,51.45059045146268,60.24902925362038
89.52197999999044,-2.593727,51.450598,60.4
89.60263999999734,-2.593725560257033,51.45060119942882,60.46398857630807
89.68332999999984,-2.5937241199785803,51.450604400047595,60.52800095198395
89.82454000000143,-2.5937215994466642,51.450610001229634,60.64002459269547
89.9051899999904,-2.593720159882193,51.45061320026179,60.70400523586554
89.9858499999973,-2.593718720139226,51.45061639969061,60.76799381217361
90.0665099999751,-2.59371728039626,51.45061959911942,60.831982388458584
90.1471999999776,-2.593715840117807,51.450622799738206,60.895994764134464
90.2278899999801,-2.5937143998393544,51.45062600035699,60.960007139810344
90.30856999999378,-2.593712959739397,51.450629200579115,61.024011582371315
90.38925999999628,-2.593711519460944,51.4506324011979,61.0880239580472
90.44974999999977,-2.5937104397429662,51.45063480057119,61.136011423715026
90.53040999997756,-2.593709,51.450638,61.2
90.67160999999032,-2.593707659352252,51.45064410739529,61.24468825825917
90.75226999999722,-2.593706893511974,51.45064759622323,61.27021626754505
90.83292999997502,-2.5937061276716955,51.45065108505116,61.29574427682173
90.91361999997753,-2.5937053615465766,51.450654575176706,61.321281780778655
90.9942999999912,-2.5937045955164044,51.450658064869714,61.346816119848306
91.0749599999981,-2.593703829676126,51.45066155369765,61.37234412913419
91.1556199999759,-2.593703063835848,51.450665042525586,61.39787213841086
91.236339999974,-2.5937022974258888,51.45066853394873,61.423419137038834
91.31699999998091,-2.5937015315856105,51.450672022776665,61.44894714632472
91.39765999998781,-2.5937007657453317,51.4506755116046,61.474475155610605
91.47830999997677,-2.5937,51.450679,61.5
91.55902999997488,-2.593699199571624,51.4506828420562,61.54002141879557
91.63965999998618,-2.593698400035698,51.45068667982865,61.57999821510398
91.72034999998868,-2.5936975999048055,51.45069052045694,61.62000475973716
91.78082999997423,-2.5936970001784903,51.45069339914325,61.649991075498235
91.86151999997674,-2.5936962000475976,51.450697239771536,61.68999762013142
92.00269999998272,-2.593694800091228,51.450703959562105,61.75999543858943
92.08335000000079,-2.59369400035698,51.450707798286494,61.79998215101091
92.1640399999742,-2.5936932002260873,51.45071163891478,61.83998869562966
92.2447299999767,-2.5936924000951946,51.450715479543064,61.87999524026284
92.3253899999836,-2.5936916002617854,51.45071931874343,61.919986910733634
92.4060799999861,-2.5936908001308927,51.45072315937171,61.95999345536682
92.48676999998861,-2.59369,51.450727,62.0
92.56738999998197,-2.593688720812384,51.45073107741052,62.0
92.64804999998887,-2.593687440990093,51.450735156844075,62.0
92.70862999997917,-2.5936864797746906,51.45073822071817,62.0
92.78928999998607,-2.5936851999523993,51.450742300151724,62.0
92.84977000000072,-2.593684240323684,51.450745358968256,62.0
92.93045999997412,-2.5936829600253875,51.45074943991908,62.0
93.01114999997662,-2.59368167972709,51.4507535208699,62.0
93.09180999998352,-2.593680399904799,51.450757600303454,62.0
93.17246999999043,-2.593679120082508,51.450761679737006,62.0
93.3338399999775,-2.593676559644582,51.450769841132896,62.0
93.4144999999844,-2.5936752798222913,51.45077392056645,62.0
93.4951599999913,-2.593674,51.450778,62.0
93.57587999998941,-2.5936734396945806,51.45078120174525,62.0160087262628
93.65656999999192,-2.593672879597402,51.45078440230056,62.032011502801645
93.73718999998528,-2.5936723199861174,51.45078760007933,62.04800039664742
93.81790999998339,-2.593671759680698,51.45079080182458,62.064009122910214
93.89853999999468,-2.5936712,51.450794,62.08000000000116
93.95905999999377,-2.5936707799097625,51.45079640051564,62.09200257821514
94.03970999998273,-2.5936702200902375,51.450799599484355,62.107997421784866
94.0800299999828,-2.593669940215182,51.450801198770385,62.11599385195003
94.18091999998433,-2.593669239902821,51.45080520055531,62.136002776537694
94.26157999999123,-2.5936686800138826,51.45080839992067,62.151999603352586
94.34223999999813,-2.5936681201249443,51.450811599286034,62.16799643016748
94.4229199999827,-2.593667560097179,51.45081479944469,62.183997223461155
94.5036099999852,-2.593667,51.450818,62.2
94.5842699999921,-2.593667,51.450818,62.2
94.664929999999,-2.593667,51.450818,62.2
94.74562000000151,-2.593667,51.450818,62.2
94.82630999997491,-2.593667,51.450818,62.2
94.88678999998956,-2.593667,51.450818,62.2
94.96747999999207,-2.593667,51.450818,62.2
95.02799999999115,-2.593667,51.450818,62.2
95.10864999998012,-2.593667,51.450818,62.2
95.18930999998702,-2.593667,51.450818,62.2
95.27002999998513,-2.593667,51.450818,62.2
95.35068999999203,-2.593667,51.450818,62.2
95.43134999999893,-2.593667,51.450818,62.2
95.51199999998789,-2.593667,51.450818,62.2
95.5926899999904,-2.593667,51.450818,62.2
95.6733799999929,-2.593667,51.450818,62.2
95.7540099999751,-2.593667,51.450818,62.2
95.83475999999791,-2.593667,51.450818,62.2
95.99609999998938,-2.593667,51.450818,62.2
