0.08065999997779727,0.15596326131200006,-0.3134449612479999,8.741059828448
0.16131999998469837,-0.08789606752000001,-1.05580286704,9.13166828912
0.22182999999495223,-0.11927295448800015,-1.7095782352040003,9.893823404802
0.3025199999974575,-0.1778831048299998,-2.541491344956,9.927556514404
0.38317999997525476,1.2146490692740002,-1.27919950932,10.394916559427998
0.44365999998990446,1.8630265139680005,-3.0990491959999997,9.376145806412
0.584869999991497,2.860222380544,-4.122479092959999,8.466170662128
0.6453799999726471,2.1159855635380005,-3.040539216728,10.001963196742
0.726009999983944,-0.9466139032439997,-0.8155231591259997,12.298284163314
0.8873899999889545,0.4208792615679997,-4.3932011436480005,10.389864223552
0.9479099999880418,3.729104721674,-1.835986879272,8.425938686855998
1.0285599999770056,8.37799410772,-4.066306655568,5.489243430532001
1.1092199999839067,-0.34445025875000046,-0.10057247650000001,13.46334999
1.169739999982994,3.663203404800001,-0.8225687168000003,10.165347494399999
1.2503999999898952,2.6597978821000003,-2.4864910565,8.80154386845
1.3310799999744631,-5.450425544884,-3.816062063564001,8.441244753444
1.4722899999760557,-1.2697337809079996,5.845439954176001,11.118661216004002
1.5529499999829568,3.6572162321000006,3.0119327831200002,6.267620085239999
1.6335699999763165,0.5542222591440003,-0.9316477849280003,11.82523219692
1.6941200000001118,3.4112341554999985,-2.9106762684999996,3.3626520855
1.8554399999848101,-0.9445936468500005,-0.2897951324899999,14.455946845000001
1.9159799999906681,-0.9719512248440001,-0.4399891004339998,10.690293243548
1.9966399999975692,-1.0641287321300004,1.39448547206,17.007781944850002
2.137849999999162,3.0588106483679995,-4.2522309472719995,13.031389253559999
2.218509999976959,-0.3680166318080005,2.697023815424,14.093190266111998
2.2991599999950267,-1.8654499653600003,0.91572540312,14.4797751296
2.379819999972824,-1.0997597000339998,-0.1759483819760002,14.167037764714
2.4605099999753293,-1.053530413842,0.9228570082519999,15.21494590102
2.5209999999788124,4.516382039172,-3.8554052965399994,3.0093451718520003
2.6016799999924842,1.496839295256,0.5623432034159999,12.322790832976
2.6823399999993853,2.5503821333400003,-1.7612017358999998,9.551539520764
2.7428599999984726,0.5061389396800002,-0.68181458544,16.012437847679998
2.823550000000978,-2.0303472885399994,1.2429116202400006,12.36146453023
2.884059999982128,4.9265356568800005,-0.8622867628800006,3.6929121889600003
2.964719999989029,4.86465972444,-2.762227469008,5.379902485488
3.04537999999593,2.3557099955520004,-2.0235547700800005,8.219284778623999
3.1865799999795854,-3.1636973698200004,-0.902500447164,12.954636505412001
3.2470699999830686,0.6208708442599998,-1.0602401432,8.679428729400001
3.3277299999899697,-2.2850779875000002,1.2035270105000007,12.87972404975
3.408449999988079,-0.2993196759400002,-1.6799875530200001,10.964518430579998
3.4890699999814387,-4.498275981899999,3.6071421650440008,20.669076251859998
3.549589999980526,2.587740392408,0.40157096785999996,5.1566117560319995
3.6302799999830313,2.20731964124,-1.2876295000720004,9.714026706543999
3.7109399999899324,0.5382685168466288,2.5619702249140004,6.089693816932534
3.7714500000001863,1.0572746721100001,1.28914145053,5.710514057439999
3.8521099999779835,6.440892033128,-0.25600253481199964,9.486916446158002
3.912629999977071,0.7280343572240001,-0.983174246276,7.40267229376
3.993289999983972,5.125163100608,-0.9070443700480013,6.734225865120001
4.053769999998622,0.66888665782,-0.6068989298100003,13.425193679889999
4.134460000001127,3.61315105354,-3.238517141008001,5.773594586004
4.195009999995818,4.888551136357999,-1.9819196355280004,7.035183974184
4.275689999980386,-1.1867086297799996,0.2810173246400004,11.583512174780003
4.356319999991683,2.0471444586679994,-3.44560732298,1.58371878246
4.436979999998584,6.592331847625998,-6.288475637180001,-18.824253101952
4.497529999993276,-0.031006339999999577,2.487999202008,17.183885771404
4.578190000000177,2.0250357957559997,0.20135829806000005,15.516192195742
4.658839999989141,4.53688146192,-5.46655996566,2.30437078038
4.719389999983832,1.454518107492,-0.1480682726680001,2.133026476332
4.800019999995129,-1.2301474097279999,0.5555047454720001,4.26505808656
4.880709999997634,-0.8017594979780001,0.5411430581760001,12.452530335188
4.941249999974389,-2.6599060416,0.8773232001599998,12.39541839472
5.021879999985686,-3.1542322028400003,-0.9516872188519994,14.716867298968001
5.082399999984773,0.027932248128000214,2.90375143628,15.893277997296
5.243709999980638,2.663429251520001,-0.5573665264400005,4.818854991839999
5.304229999979725,2.419986485648,-1.1153753613520005,4.8383885533880004
5.384889999986626,-7.138045900128,1.6232485062080009,15.07533741856
5.4655799999891315,-0.9137092099686968,2.030804888738273,15.2715033562277
5.5462599999736995,2.952318864091999,-1.975876904164,8.3212230437
5.606749999977183,5.174741944979998,-2.3402370553880005,0.32054051928400007
5.687469999975292,-8.403494283235998,1.23829766308,23.967339234614
5.768099999986589,-0.43950255495199986,0.03789075308399997,9.172325891712001
5.828580000001239,3.2682369462720002,-3.270509849504,14.732466265184
5.909299999999348,0.5818773805,-0.46788248750000005,9.4231039745
5.989959999977145,3.08998278762,-1.1815838547400004,-0.14664222678
6.050479999976233,-4.5134212351839995,0.4274961943400003,19.421630085424002
6.131099999998696,2.484268369,-1.457210704,-0.040803329249999964
6.1916199999977835,-0.5169250085849182,-1.923514440094685,13.403079841856863
6.272310000000289,-6.538541868512,1.4433087280320012,21.012083446880002
6.332849999977043,6.554310781912,-2.726184629094001,1.63410855384
6.41347999998834,4.160423484023999,-2.157909645712,7.598709504796001
6.494139999995241,-4.279403014426,1.5627545472580004,20.244576336416
6.554719999985537,1.3865874019839997,-1.537694251104,6.884989446720001
6.635309999983292,6.0283532823599995,-0.519412565884001,-0.312564831566
6.715999999985797,7.673374936000001,-0.3522040210000002,-4.500222878
6.776549999980489,2.066151502056,0.915751079536,7.6955599944360005
6.85720999998739,-8.447686330720002,3.4248079336800004,22.41775567088
6.93782999998075,-0.9281151444799998,2.210306227136,10.796227421055999
6.998410000000149,2.9315260913199994,-0.6019282188400004,3.590138066808
7.079009999986738,3.6678771890360005,-0.7903519299640003,4.430966516124
7.159729999984847,0.00968870868800012,1.28991630884,7.211390459703999
7.220209999999497,-5.68380524621,1.8631766434440007,18.178305426302
7.300869999977294,-1.5210084117759992,0.573660295952,15.617047661136002
7.36142000000109,-2.9778751833120007,2.2451382450560002,19.015897902544005
7.442079999978887,4.2457335844,-5.255677436655999,10.655009471584
7.583249999996042,-3.941992862259999,1.0059934181440002,12.596900713084002
7.663909999973839,5.1963311244799995,-1.7657354406400003,6.6158637312
7.744599999976344,-0.203257798764,-0.7780049993239999,9.631870851676
7.805109999986598,1.7346417065000002,0.7097637402500001,8.351829280750001
7.885769999993499,-2.49032825534,1.5970827581000002,14.992177774480002
7.9664300000004005,1.01885134832,0.01960259423999998,5.77118647936
8.047119999973802,4.798935310212,-2.322539085624,2.597200585172
8.107619999995222,-2.738701885348001,0.5335457230520002,12.668061184511998
8.248769999976503,-0.407755870764,0.28863390829600005,8.229351176783998
8.329509999981383,6.53653836088,0.3817987627200001,3.98721079904
8.41013999999268,-0.3050718617899997,1.8912254539959998,10.729280316110001
8.470659999991767,1.422787681072,0.7469177429080001,12.217185481442002
8.551349999994272,6.60979656942665,-3.3998481667375375,0.09190375465659581
8.611859999975422,2.964478566346,2.4223197617939998,9.609156024352
8.692519999982323,-3.5086493338080005,1.6938405858560002,17.195948688352
8.773179999989225,3.3555540080199995,-0.4684630951800002,5.30930425374
8.83375999997952,1.9362816926400002,0.9000860968,6.1658972279199995
8.91437999997288,-1.8653637233699998,-0.9619437497099999,6.61272108556
8.995009999984177,0.24975281996799994,-0.8824666491840001,4.388235243328
9.055559999978868,-0.96356330065,-0.4829487221000001,17.30256106405
9.13621999998577,-7.968928970464,1.816840856736001,17.023672303744
9.216869999974733,1.2816862602799999,-1.6124950503900002,7.497346492519999
9.358049999980722,1.1128713245179997,-2.825513682396,8.531286994925999
9.418599999975413,3.4503107310800005,-0.8134800017000001,5.9702515321
9.49924999999348,-5.1582211005300005,2.2097658426560005,18.086016683264003
9.559769999992568,-6.634151694746,5.690015568828,17.95902948948
9.72111999997287,2.0771757743720003,0.461570286734,7.738147026298001
9.78159999998752,0.9338423876720002,-2.591123945642,9.541001437130001
9.862259999994421,8.353219358211998,-1.6221821020519998,-5.970185711248
9.942949999996927,-2.198681202776,-0.4247398928639998,7.585828546048001
10.023609999974724,4.051683129534,-3.505299379344,-1.6728466334239998
10.084149999980582,1.0930284635999998,-0.6100149092,10.676960621600001
10.164809999987483,-3.1796375541999997,0.6583770456000002,12.711776679
10.245469999994384,-1.8440424935000002,-1.5367947435,15.128643964
10.305989999993471,-3.2534649150879997,0.12108073479399978,10.365709235544
10.386609999986831,5.431787504128,1.621975942144,2.7020305349119997
10.467299999989336,-0.3350426168779999,1.73615670149,11.550066807212001
10.547989999991842,-0.9059090927459998,0.711970061786,4.632696034096001
10.608509999990929,1.9278380463720002,-0.2607799765879999,8.972064093972
10.669020000001183,0.9088672434759999,0.413106367828,6.751054529012
10.749649999983376,3.8352706022079994,-0.9630271363320002,8.241853065388002
10.830339999985881,-6.5521302926,-0.32949195659999997,18.1370604698
10.890919999976177,-1.2872913883119999,-0.6378598562119999,7.174221029752001
10.971509999973932,-6.4223900849,-0.5717480885000004,13.452770594500002
11.052169999980833,-0.10572416603999997,-0.07291812902400001,7.51660321694
11.112779999995837,-1.8510465253639992,3.0703353595239995,11.350775448508
11.19340999997803,-3.731820956049999,0.9784237618319999,17.981864402062
11.334579999995185,3.7948249096780007,-0.41318364644799954,5.717611065664001
11.415239999972982,2.4933968229560004,-0.39314314206400003,3.029726996062
11.495899999979883,0.36424285344799995,-0.818589384368,6.838525206176
11.556439999985741,-0.6159827512599998,1.7069268088339997,11.137657932022
11.69761999999173,-0.4341693447300004,-2.6119763853899998,5.231250246340001
11.778279999998631,13.366852150719996,-1.343337075360001,-14.736828867200003
11.838759999984177,-8.973144400431998,-2.3760457487839988,19.175996989408002
11.919419999991078,3.7792726054399997,-1.9206830995199995,4.0807979232000005
12.000139999989187,-8.259813632959998,0.6328574872960007,20.124381304896
12.060619999974733,-0.5393475102040001,-2.0101110351199996,8.088084517584
12.141279999981634,2.0786884153000007,-2.6254792446499997,1.61859187285
12.22196999998414,-0.9356951540760001,0.4671481335119999,6.037598754918
12.30262999999104,-3.69246264128,2.7405993785600002,12.475352077
12.443799999979092,-2.4073582290120004,1.6741192006839998,12.738873811044002
12.504349999973783,-1.0438252985599998,-1.5580272213760002,9.379520784383999
12.58497999998508,3.6374534453719995,-6.286009838324,0.753859102524
12.66569999998319,3.694425605192962,0.4712672580904016,5.649759209312153
12.746350000001257,-2.8818047664,1.3580725921280001,7.5113990913920015
12.806839999975637,-2.8869674625199995,1.2672004749199997,12.287134427479998
12.887529999978142,3.048603879528,-1.9692873549360006,7.73392804816
12.94804999997723,-1.114165685564,-0.21197814581599994,11.02778657552
13.08918999999878,4.49719184294,-0.26633584369999996,2.1169938413
13.169880000001285,-1.9019325216319993,2.984668349664,12.074910536736002
13.230389999982435,-0.13607285799600005,-0.1347711616440001,12.828657287756002
13.311049999989336,4.791109666094,-1.3679062811160003,3.4637010312200003
13.391709999996237,-8.378369886840002,1.9300280522800006,15.63985904582
13.472399999998743,1.4018484089040004,0.771017306948,6.583976298455999
13.532909999979893,-4.219386463319999,1.00512622796,12.04855502298
13.613569999986794,-5.50745672675,-0.16845457274999942,23.859881701000003
13.694229999993695,-0.9430612380200002,-2.175298745536,11.595145791032001
13.754749999992782,2.35797334112,-0.5480013322000001,3.5036626319999997
13.835399999981746,2.037329995288001,-1.5421425779760003,5.990285697295999
13.916089999984251,0.06289182955599934,-3.7805126196680003,14.103233427464001
13.976639999978943,6.643721459999999,1.5203786637499996,-6.101071255000001
14.057299999985844,-3.2395530928079994,2.3114121842920006,10.035333875420001
14.13792999999714,7.059290297744,1.730520169092,2.53379729856
14.198469999973895,2.9236487503200004,5.391179721060001,7.33901303728
14.2791599999764,0.980822235072,2.291161646015999,14.175378071104001
14.359789999987697,-4.158207012308666,3.3366037124319106,9.946491382872917
14.420339999982389,-0.068503296352,0.034761766956,5.027229040016
14.500959999975748,-0.09732368992000001,-0.7483861841799999,10.390565627520001
14.581649999978254,8.0661208768,-1.751191700360001,-4.930565214543999
14.662309999985155,3.6066029398400006,-2.326868439088,-3.74265905128
14.722789999999804,-1.0205539395,1.4930740190000003,6.905612765
14.803479999973206,7.050088617031999,-0.010772071080000972,2.83776811982
14.884169999975711,7.844187044360002,-0.03193020398000024,-1.2930363494800001
14.944659999979194,-3.71592877376,0.95142038512,15.0755012456
15.025379999977304,2.9933119788759996,-0.7326760818639998,6.584170897624
15.105999999999767,-4.4741787704,2.473240896768,12.576684195552
15.186689999973169,-6.684730100507999,-1.2935363398499995,17.007779275268003
15.247179999976652,-1.733846332184,-1.3044595377840003,11.834403159884001
15.307730000000447,2.843389650374001,1.5479568167220004,11.131623898656
15.469039999996312,-2.905789488934,0.5634886571919999,14.48864542971
15.5295599999954,4.372476817500001,-1.8714594274999996,2.0864575912500003
15.610249999997905,0.5744145856459999,-0.929930631762,7.206194882972
15.690899999986868,0.8851497099360004,-2.2797341323900007,6.223709516698
15.75144999998156,-2.9386921061520006,-0.90643246272,6.136466311552
15.832079999992857,7.6081108760600005,0.29735915277999936,0.9884596954960001
15.912739999999758,5.281466708358,0.9576623455340005,3.9959007765
15.973279999976512,-1.019055531848,1.8688996949699999,11.639796003838
16.053939999983413,-0.6418094222720001,0.5637389730860001,12.238022164778
16.1951199999894,-0.046485865985999825,1.7879849341559995,7.912138646080001
16.255629999999655,2.2053685171839996,-2.401218603432,6.894320734608
16.336289999977453,-0.77436162103,1.1643379833599998,11.616916857789999
16.39680999997654,-1.9688321832319993,1.07786305376,12.175958591752
16.558149999997113,-6.0248290876279995,-1.8159445247439994,21.2359799
16.6186699999962,0.889350067976,0.471731981336,9.337068809944002
16.699329999973997,8.645772775883996,-2.7585091177400005,-11.472924140064
16.86066999999457,0.4383043647720001,1.3973653201039997,20.727827843792
16.921189999993658,9.489679373656,-4.208720126995999,2.7833533974440003
17.001879999996163,1.2110799309679994,-2.25612907396,4.708860143592
17.08246999999392,-2.587475278318,-1.2414224818519999,12.23326968486
17.163189999992028,-3.160107869794001,0.6168401694080001,15.797868782968
17.22367999999551,7.6131204897639995,-0.32202355246800063,-3.081422646532
17.304369999998016,8.38312230932,-1.878368320700001,1.4452063911000002
17.38506000000052,-1.69867131346,-0.30803297253999995,12.61646680242
17.445539999986067,1.040074944384,1.0879690191599998,7.157725972932
17.52619999999297,0.47035649369200005,2.0224573615140002,3.853145647524
17.58674999998766,1.62124589502,-0.23766358706799978,9.490274427648
17.66736999998102,0.7949265684799998,-1.355914963032,8.747444558724
17.748059999983525,-0.6982506001279999,3.5168273890479997,12.27227210226
17.808609999978216,-3.7477312714639996,0.9729520868040002,15.995747716828
17.889269999985117,0.09552475471600003,0.35146504097199993,14.416421447768
17.969899999996414,1.8613066570759997,1.6047081498419997,13.355569725608001
18.030469999997877,0.746085496556,0.22081546537199997,3.6804895395079997
18.111109999998007,3.53757595504,-1.6499887559280002,1.4589785009440002
18.25228999997489,-6.249244908984,0.5091577489119999,16.124038276712003
18.33293999999296,1.283769728856,0.08210848835600001,2.656905568154
18.39348999998765,4.600678145092,-3.7200227773140004,2.341723139602
18.53466999999364,6.895698235343999,-4.729945667296,-1.74147835848
18.615319999982603,10.786958709696004,-1.49716032816,-1.0217744370879998
18.67583999998169,8.531417066760001,0.7743365525439991,-0.9635106820520001
18.756529999984195,-0.649533462308,-4.544349216106001,11.286011420526
18.837159999995492,-2.6052723681520007,-2.1544830859119997,13.703362355000001
18.91783999998006,-8.168542371200001,0.724068733072,22.147497588368
18.99849999998696,1.3025435011160003,-1.1644377114680002,7.383748007422
19.05901999998605,-0.826837458338,0.17623134011200003,8.682658278149999
19.139709999988554,8.097752733699998,-3.9305671589000006,-1.2797397919000002
19.220329999981914,-2.3226396832000002,1.6985674511500004,15.52211390415
19.280879999976605,1.4575143131040003,-0.6402151673240001,7.444153284644
19.361509999987902,3.648365818152,-1.351673954456,4.480012783528
19.442199999990407,-1.7395877602880003,0.8231769994239999,10.020917532192
19.502739999996265,-4.441879093555553,-0.9536493516281901,14.96048800579179
19.583399999974063,-0.6203060030900001,-1.68101482713,9.36970378732
19.66402999998536,-2.755568154,-0.15172092759999983,12.399056929999999
19.724609999975655,-2.6322934765920003,0.19384289059,19.147415813884
19.86577999999281,1.31596023274,-0.30028372902,4.59363259562
19.94643999999971,2.472255178315999,-0.8626357376080002,3.6993371894480003
20.02709999997751,2.064984563300001,0.8180470723600003,8.415437355568
20.087639999983367,-3.6577485208560003,-0.9292104750680003,16.349066222080005
20.168269999994664,-1.43560434642,-1.135030085336,7.646417931392001
20.26909999997588,3.2925289180899995,0.13102223686999956,3.8460345137200003
20.430449999985285,-1.01974557752,-0.48226589783999996,14.159643193199999
20.490999999979977,-0.9210142558520003,1.12191482866,10.299588954604001
20.571649999998044,0.012181431695999945,1.0666302190960002,7.36404191694
20.71282999997493,-1.2093749394039999,-2.149224133884,9.91548364268
20.79348999998183,1.9886414109239996,-1.2468574785539999,8.19470198114
20.854029999987688,-6.4490686657,1.0325113272999997,19.8135531879
20.934659999998985,-2.4901547746019994,1.227869681122,10.725735417088
21.07585999998264,0.40997479420400007,-1.0521990004319999,9.051730939032
21.15651999998954,-0.440375630784,0.4555220716799999,13.065493597696001
21.237209999992047,-0.8770992580939999,-0.976750243032,10.964993854784002
21.31783999997424,-6.527417714612001,-0.26999014016799994,19.320105145335997
21.459039999987,8.057010738214002,-2.9709631735719997,-1.3288261801880001
21.5396999999939,-1.4861445772359998,-0.522915393916,13.27268775468
21.6203600000008,6.1912603536,-0.3123293840000002,0.07584706079999998
21.68087999999989,3.700273557584,-0.6417888311519999,3.1644105960639997
21.76158999998006,6.617407854390002,-2.2630975569440004,-3.0434037617380003
21.822079999983544,-5.4116324606,-0.3859921626,18.5080960498
21.90276999998605,-6.249174658695999,-0.5887123602240006,11.695444712747998
21.98342999999295,-0.42808310761999996,1.42703730642,8.42237532274
22.0439399999741,-5.479704417788,1.8191300730360003,19.698720595796
22.124599999981,-3.1328594655999993,2.397363677184,18.532357215936003
22.18511999998009,1.45822660354,1.7758936244099996,4.79937518208
22.26577999998699,-4.586236427306001,-0.4750467080500003,10.530365721768
22.346429999975953,-4.07185680346,1.3684320626200004,14.20023059082
22.48760999998194,-3.7078007239,0.4491642605199997,13.589673162760002
22.5481499999878,1.9919842237300003,-1.505028211888,7.514517450796
22.6288099999947,-2.2495337050879995,-0.6326289461999998,11.949361360324
22.709469999972498,-8.545977375143382,0.9722116557177309,22.1818154060451
22.790159999975003,-4.155221873500001,0.6250271967319997,17.851203767993997
22.85067999997409,1.1730906399039998,-1.5367114636159998,6.665083673200001
22.911189999984344,4.898050229204,-1.4362841529299997,3.064665744012
22.991849999991246,8.086756112096001,-1.5042842385639992,-3.222706220506
23.052399999985937,-2.4030989691520004,0.19787326832,12.537610527616001
23.133019999979297,0.35166442428800004,0.5183230088959999,16.02953468304
23.213679999986198,-1.7371306955300005,1.0663007402520004,14.625220417802
23.294369999988703,-2.6183073236500003,2.4845455218000003,13.51843077815
23.354859999992186,-1.0769496494079998,-1.0396673068759998,3.727899202163999
23.435539999976754,1.4275536968439997,-0.57253362139,8.047226258476
23.51622999997926,-5.061082342315999,0.5155506772899997,17.483518766076
23.596859999990556,-0.8657959576800001,0.04582815880999996,10.30972788696
23.657409999985248,3.3690093283880005,-0.28047153588399987,2.47941158622
23.73806999999215,-4.282390402048,1.5601419256380005,14.087650297162
23.818719999981113,-9.63898283137,2.6764598574600007,17.136748657960002
23.899409999983618,2.8280352029199998,1.40767188696,8.25376042462
23.98006999999052,-0.08529506633800002,-0.9081679208239999,5.80205746601
24.04061999998521,1.9010213142679997,-2.2126561529559994,14.424588212396
24.12123999997857,1.2576675681379998,-0.8693545916480001,4.174869293362001
24.181759999977658,-1.683016169664,-1.855731834112,11.440338350016
24.26241999998456,0.10022154423000029,-1.0831154612240002,11.7267600595
24.32296999997925,1.3401203377239996,1.7056991580999996,8.23172559586
24.403619999997318,0.31852018639999974,-1.0351324406000002,7.9291323388000015
24.484279999975115,-0.35691232599199996,-0.9641754425720002,7.959096449032
24.544769999978598,2.0389041128239995,-0.9848314678059998,8.554938864676
24.625489999976708,-0.7231599959999999,-0.55861651216,9.68130444528
24.706139999994775,-1.6493831672879997,-0.13526992010800007,7.756131586532001
24.766659999993863,0.24405211811200017,-1.031316322496,10.535438266447999
24.847320000000764,-6.26087702959,-0.22396146410799994,15.991712143113999
24.92797999997856,-4.634494452092,1.0080210677959998,17.368504095520002
24.98851999998442,-1.503322000928,0.0900812674839997,11.707598073992
25.06917999999132,1.4676120561880002,-0.8615530039339998,8.102677846852
25.14983999999822,0.533345369166,-0.8910155556399999,9.670709625676
25.230530000000726,1.7928321065119999,0.0830584932959998,2.913470381504
25.291039999981876,-2.61499648994,-0.7678248986460001,13.517187817582
25.371669999993173,-1.3721647636979997,-0.20843119917200015,14.800452491278001
25.45235999999568,-7.2371189680959995,-0.6963313328000007,18.402422418952
25.512879999994766,-0.7020392590919998,-1.122360342132,12.897572475599999
25.59352999998373,1.2506912077160002,-1.5834194956119998,5.47434550386
25.674219999986235,0.867382313327477,-1.1227954004199099,13.46181784837742
25.815399999992223,0.8260673093079998,-1.6767258405899996,7.269520465210001
25.89608999999473,5.279111116288,0.25682316382800063,8.555479289054
25.976739999983693,0.32159949153,-0.08512857700400012,9.320291597096
26.037229999987176,-0.4593560344550238,-0.9677583219382152,9.077871896692974
26.11791999998968,0.2719205722399999,-0.5081857591200001,9.542147575280001
26.178429999999935,-0.49646402284000085,-3.49331032718,11.723234181319999
26.259089999977732,1.9858895946319994,-1.5678441525159998,6.804771002952
26.400299999979325,-2.9758616837479996,0.5372451632679995,14.33504636742
26.480919999972684,-1.6814591995039996,1.1623802654079998,6.926370600656
26.54146999999648,-4.480955975688,-0.16667230482799944,15.966852358927998
26.622129999974277,-2.1978334172,-1.644794900984,15.259188560912
26.682649999973364,3.771380203799999,1.4516513022,-1.1116532668999999
26.763299999991432,0.24518979306400002,-0.6151160444539999,1.313748339686
26.843989999993937,2.388402090712,0.7485576371380003,4.457957979442
26.90447999999742,-2.250358553256,-2.7757604204960007,16.576766990456
26.985169999999925,1.2242870641399999,-0.39981231332399947,7.35638483769
27.06581999998889,-0.9019790695999992,-2.4867149652,10.804379791199999
27.126309999992372,-0.518997469672,-1.282543942614,7.433123177180001
27.207029999990482,1.911768474552,-1.7494260426080004,8.715065992028
27.287659999972675,-1.8631908596560014,-3.6499269898439994,14.704511773307999
27.348199999978533,3.1991603450239996,-0.7984245619600001,8.268461167772001
27.428859999985434,-0.6686872396360019,-5.078000284916,13.487040994911998
27.48937999998452,1.1776933470311042,1.0019261962130663,4.368484471993307
27.570039999991423,-0.9893828820999995,-4.8005457701,13.977061017700002
27.630549999972573,-0.0742776735999997,-2.3552133584000003,9.1873441432
27.711239999975078,0.48836675249999983,-0.08211248621800005,12.069410129928
27.79189999998198,-1.1988931533819995,-7.331710748196002,18.233450795032002
27.933069999999134,-0.06223767144000039,3.2182857752880003,3.904808518432
28.01372999997693,4.87319292086,-3.714755480279999,13.21767915386
28.074259999993956,2.8102392291200027,9.702053047551997,-7.761966155872002
28.15488999997615,1.8036569759999996,0.9098421898199994,5.69884652014
28.235539999994216,-0.47556558350399997,-1.0368899769159996,7.086993339016001
28.31622999999672,2.334217894016,2.7429830368959993,5.405640332416
28.37674999999581,-0.9417648082879995,-7.042945092,15.883580011583998
28.457439999998314,1.8396407556599994,9.817152250908,-4.25157011918
28.538089999987278,1.3813017411,-4.313886806947999,6.420718546092001
28.59863999998197,-0.4298195345759991,3.6578646201339993,3.8896402009860003
28.67929999998887,-0.929270510800002,-7.823495837614001,13.998070963810001
28.759959999995772,0.1875611569999997,-1.8251791334999998,10.931784014799998
28.84061999997357,-0.632430209672,3.8375831101300006,7.987760089846
28.901129999983823,-0.3398145702399997,0.9617614346399999,10.753475845568
28.981819999986328,-0.4066855126340001,-2.8016253653179994,13.511702986336001
29.122959999978775,0.2661991146199999,-1.562143565208,15.944745853972002
29.20364999998128,-0.1819483344219998,-5.6536522292399995,14.572723108014001
29.28430999998818,-0.09850844301999967,-3.874479361323999,15.614945861064003
29.344859999982873,-11.193532122999999,2.2405241334999997,11.21967016675
29.425479999976233,-1.1648900180799995,2.20329289528,5.63083474976
29.506169999978738,2.268923768928,4.798914929252001,-2.117804212098
29.566689999977825,-2.6724186101279988,-7.429779179328,12.956258059696001
29.647349999984726,-1.4637930853119998,5.61150155296,3.1362175160640002
29.72803999998723,0.4460716411519998,2.0896814628520004,5.458301561872
29.788549999997485,-2.13991724034,-2.04245292088,17.85704582532
29.869209999975283,1.623111629,-4.4076251833,16.443842375
29.949869999982184,0.9624513144459997,-6.468920996956,12.918864813409998
30.01044999997248,2.020611207844,0.0043763597160002,10.873873686456
30.091069999994943,0.846055383024001,-3.841438030943999,14.755438820320002
30.17172999997274,-1.0030879101679973,-8.169015963379998,24.792623544888
30.252419999975245,-0.13270897655199965,-3.2589108362959998,9.751153845768
30.393559999996796,-0.08776676493600166,-5.621479178551999,11.200345308232
30.4742499999993,-0.1823653972979993,4.712704499523999,0.29693962933600004
30.5549099999771,-2.812702392076002,8.756827487396,2.9923653446259997
30.635599999979604,-2.2282027160840023,10.817821075364002,-2.6072680809880007
30.696109999989858,-3.2578515064399998,-2.83579860786,14.126384424276
30.77676999999676,-1.0092627609800002,2.69490283276,3.02134141368
30.857429999974556,1.8611593789400007,-1.0556501136799998,9.575746611547999
30.91797999999835,-0.5148677788439993,-7.793794305984001,16.901700235455998
30.99859999999171,-3.557392336844,-4.04920791895,15.133742175094001
31.139809999993304,0.6161833278959995,10.600357997624002,0.19264580461599998
31.220470000000205,1.4577012062000003,-3.6122390247359997,18.390472009656
31.301159999973606,0.3645962090280004,-3.544685968266,14.23838457831
31.44232999999076,0.4928980395880005,1.486419330684,10.393886839508
31.522989999997662,-2.1910815822600007,5.799156347920001,1.2281923593239998
31.583539999992354,-0.5512616551999998,-0.81830728688,13.02511842688
31.664159999985714,-0.5690466676759987,-6.8714294698280005,18.581232765338
31.74484999998822,-0.86167256336,-0.8422791890399999,8.612063580480001
31.80539999998291,1.5146723658400005,4.9270304960199995,7.94031470152
31.886029999994207,1.247888807849999,8.12275590054,6.518591326000001
32.02722999997786,-0.32808082777600034,3.6876667688880005,11.618127013166001
32.107889999984764,1.9005181032480012,-7.764395751086001,16.058899208215998
32.188549999991665,1.2422936893799998,-0.4064630916999998,9.472175419300001
32.249059999972815,2.351321678288001,-4.494206537264,21.490308064168
32.32974999997532,0.8593097214999998,-7.33170728126,21.489179717340004
32.41040999998222,3.1529266368,-2.6124378349599997,19.35205844576
32.47088999999687,-1.954248985978,1.3342524075800002,9.503816891266
32.551519999979064,-2.7746513079999993,-4.2696583377,13.6206923869
32.63226999997278,-4.198366450180001,-3.5262233109959995,10.036315070048
32.712899999984074,-0.8579240521280003,3.3667288267199997,4.376176306912
32.77341999998316,-0.24527283455599935,-4.570128947176,16.535676772217997
32.85409999999683,-0.4588922449540001,-7.321873730302001,21.060913643492
32.93475999997463,-0.4743550514699997,-12.024594976960001,32.85292194451
32.99527999997372,-2.7093944389680003,1.4942498329319998,0.294481092876
33.07596999997622,-0.5890394499319993,4.82163809742,1.396313295116
33.13647999998648,-2.5639280006159995,-7.814018650660002,17.824884367643996
33.21713999999338,-2.5895577919900004,5.61460504763,2.52288410246
33.35834999999497,-1.1276773756800003,1.45222414528,11.45217995024
33.43896999998833,-0.9219299437179995,-3.1770755538,11.859948109794
33.519659999990836,-1.6297578231399998,-1.5882252955200002,13.117376097620001
33.58017999998992,-0.2589321709999999,-2.5712356404000007,17.10967092172
33.660839999996824,-1.2245562513699992,-2.9031951778639997,8.890039740361999
33.74148999998579,0.5410110290699996,-3.85166610659,10.200386354860001
33.80203999998048,-0.9491250054840004,12.312208391031998,0.364254322056
33.882669999991776,-0.578445076672,-1.7258035268160001,6.966316674560001
34.02390000000014,-1.7456449577880007,-3.6361897958519998,12.665694393797999
34.10455999997794,-1.413083927192,-3.9178723767420003,17.068080120366
34.16504999998142,-0.4731756638680007,3.2840464566080003,1.2726307435159998
34.24570999998832,0.2987902074839999,0.4820841618400001,8.998406704548003
34.386939999996684,6.321481830982001,0.9710014610639999,8.648541767985998
34.46756999997888,4.589400527527999,-1.7379664707679994,15.342113937632002
34.54825999998138,1.9645149193920002,-4.999480332768,19.934142905119998
34.60873999999603,-2.4627888163499994,1.1948056623,8.0346016232
34.68939999997383,-0.1846840091199995,3.97447591904,-4.82944297312
34.77005999998073,-1.7744823734460002,6.853334315209999,-3.73428496774
34.830569999990985,3.698417021394,2.863929873131999,13.341368341292002
34.911289999989094,3.704108912215999,-6.735237179862,17.631064902974
34.99192000000039,1.4884532500839998,2.26231750426,8.7811333459
35.05240999997477,-0.08218392069687444,3.701005408549161,2.1979975829175915
35.133099999977276,1.3904553948560003,2.0857083852639997,13.609781149832
35.19360999998753,-2.700076061036,-2.816580957487999,20.882114066501998
35.274299999990035,-0.721480143016,-0.392813092808,12.62800700696
35.35493000000133,-0.27265541173665137,0.38089779124846057,17.79252442238097
35.415469999978086,-1.4882539774999999,5.87200594125,-0.668872475
35.49612999998499,0.2946470116160004,4.779352324543999,10.561890903056
35.55667999997968,-1.042772152272,2.4085750160200003,9.104215837536
35.637309999990975,-3.5779361971199997,1.316682144256,7.293293330431999
35.71799999999348,1.470472415528,2.4629271518879996,6.468828646854001
35.77850999997463,0.018640411660888118,0.08653759210858152,11.348790679008863
35.85913999998593,0.5178992346140006,3.91919823832,9.932682837196
35.919659999985015,-0.7987412369920002,-0.6902748666879999,6.952011259648
36.00030999997398,-1.9328597415999993,4.7678277399999995,7.558125372
36.08103000000119,-2.3481483484540004,5.4831454769839985,9.245373160167999
36.161659999983385,0.6063554659999995,-4.17004137388,15.413969314200001
36.22220999997808,-0.1383495913759999,-1.070525198148,9.82886992368
36.302859999996144,-4.276138665033999,3.371733512088,-2.8081396047860006
36.44406999999774,0.17839880334999988,4.4154680582,7.304671061650001
36.524729999975534,2.2147301016879997,-0.35249759911600004,11.397668449935999
36.605389999982435,-0.05673725942400046,-4.533781376544,15.144066012384
36.746589999995194,3.9131337599239995,-0.7660756703040006,10.296500005636
36.82724999997299,0.8181903179960001,1.4625399714039997,10.158220834716001
36.90790999997989,0.8177221934579999,0.8741776981959999,8.511309923492002
36.98855999999796,-1.9589390864379987,4.192404886272,9.363367825672
37.04907999999705,-0.30152420658000006,3.6699143634199993,0.6693085645400001
37.129739999974845,1.967466234352,-0.17719691556799988,6.470866549112
37.210459999972954,-0.4679711442880006,-2.4029112226039997,14.816106359102
37.351599999994505,0.7966307685199999,0.4925434151,0.2718007310600001
37.432260000001406,0.6039386748519997,8.491560356897999,-2.485197302098
37.4928399999917,2.3650553531700003,1.16751372654,11.23058668276
37.57342999998946,0.6107605429999998,3.4021035785000002,6.121572126
37.65411999999196,2.9278866154200003,-0.4933372546399996,10.81827481294
37.71463999999105,-0.8683991517999999,-4.09350825888,8.31523786132
37.775119999976596,1.1733979264899992,-4.13085286667,15.010357545120002
37.8558099999791,-2.87688620648,-0.6807903114919995,7.689070661024
37.936469999986,-1.1411879417200004,-4.2194157277599995,11.637212560760002
37.99698999998509,-0.06059736090000034,-7.098286448799999,15.524146112250001
38.15832999997656,-0.25793325458399985,-1.4378463200139997,14.850647519592
38.218849999975646,-1.9398176929859996,-4.8548197195,16.050646535892003
38.29950999998255,-2.4633085356,-2.3657653811199992,12.66715653696
38.38019999998505,-0.5628734026879997,10.262066975071999,1.82720662552
38.460849999974016,0.268055736656,4.655268778067999,3.2218946718
38.52139999999781,0.13580968189200002,2.2837614163399995,6.430877234428
38.60205999997561,-2.1184478993759996,3.326314078572,10.74589598306
38.743229999992764,-0.3458017677279996,5.2515083135000005,-0.6590332951160001
38.82385999997496,0.6861137667679998,-1.198082625268,6.187903084776001
38.904579999973066,-1.067265604236,0.6845843176399999,3.5575024180479997
38.98523999997997,-1.8579451081479996,0.45273891158799995,13.071596344996001
39.04574999999022,2.3306484969279997,-3.2980940513199997,11.346945449992
39.12640999999712,-0.6418187070199997,-7.089920081119999,12.45854660006
39.20709999999963,-0.08103558757000018,-1.28968634793,7.27604067586
39.287759999977425,0.39937610635000015,1.3691301131899998,9.42208743362
39.34826999998768,2.5813175259999994,-1.0528943742899999,10.73921080912
39.428899999998976,-1.0867823974359991,5.127353977857999,4.594502937614
39.509619999997085,0.40606890120399997,-0.969393572184,7.802553339776001
39.59024999997928,1.1673193611359998,-0.30088195105400006,5.152995116826
39.65072999999393,1.0663425280999994,-3.8161082541920006,12.557220319608
39.73147999998764,-0.51336728559,-0.4309921871340001,9.634684181864
39.81210999999894,0.0898116955199997,1.4501833140600002,9.501986031140001
39.872629999998026,-0.1780781206,-1.7277772772,12.5111204433
39.95328999997582,-1.5633138799999997,2.022663248,2.582531952
40.01382999998168,0.6557314798271633,-2.924709332880147,16.579765230812686
40.094519999984186,-0.5358774425079997,3.4968091453399994,3.629234628594
40.17511999999988,1.9891321937439996,-1.135315178516,8.019884565348
40.23565999997663,0.520996810818,-1.02891565957,12.013409674427999
40.316319999983534,-2.140712383528,-1.275044669052,10.17847880446
40.39700999998604,0.09914975117200038,2.4055373360359997,7.823630088848
40.477639999997336,-1.7658499962359997,1.9872170936280003,5.951817142507999
40.53821999998763,0.7741416428380004,-1.953930996364,11.378427033586002
40.61883999998099,-0.06783716038400017,4.31033435936,2.0221211578880003
40.69949999998789,-0.5496152168640002,1.29432582952,9.481976230464
40.7801899999904,0.4237721923120001,-1.055563189798,9.688997831326002
40.840709999989485,-1.7338003763199996,-0.5525097752579997,7.231953035234
40.98187999997754,1.0811989002400002,2.58883882112,11.8629816464
41.06253999998444,1.6181657229399988,-8.621572353018001,16.360487457424
41.12304999999469,1.205990372672,1.185977750176,9.889165754576
41.2037399999972,2.4168367038960015,-7.590856625587999,12.411405833927999
41.284399999974994,-0.8598259448711181,-1.3075921076672459,7.5564776560721585
41.3650899999775,1.218978682468,4.918797398804,8.49343230034
41.425539999996545,-3.2357674198599997,1.7297030562840001,2.501836079464
41.506259999994654,-0.014341896195999876,2.8367751929219995,9.891626717186
41.586920000001555,-0.631002452008,1.348188895968,3.358063496348
41.647409999975935,1.7673518256479999,-1.5776544456639998,11.649406855248
41.728069999982836,1.0768057947079999,-4.899443118272,17.135616701140002
41.808809999987716,2.6589863393019995,-14.846044646456003,18.912776235518002
41.88943999999901,0.2974769292400001,1.3753740562499996,9.920949256202
41.9499599999981,-0.30415322149599944,4.5456434989,0.469722405444
42.030650000000605,0.1733700757520003,2.1946857879479995,3.7709695891540003
42.111269999993965,-0.4127604916600002,-6.844520901249999,12.65938744283
42.19195999999647,0.5591234969159992,-4.1418053019959995,13.86291786538
42.25247999999556,0.2547961759040003,-7.552978255583999,14.606957118112
42.333139999973355,-1.2768103040900003,3.3030475149919996,2.507057878676
42.41386000000057,-1.4643315834119999,3.03619435438,2.053401922392
42.47430999999051,3.070031008384,5.821081375488,0.3378515744
42.55496999999741,1.7203724947520003,3.5306319248999998,8.109199576492001
42.61554999998771,-1.6033038785319993,3.3844402870999994,2.319446967436
42.696169999981066,0.4090183300519996,-2.379415470393999,10.071671759118
42.77679999999236,-0.8635929081720001,-1.3927044990319997,4.158726926556
42.837349999987055,-0.046427986560000245,-5.413799256319999,19.391234014720002
42.99865999998292,0.35616457039999905,-12.5456626752,12.2187488288
43.05920999997761,1.413765722348,-10.352384752632,25.91503769872
43.13983999998891,-0.7135227728159992,-6.155701900404001,19.493866916484
43.22055999998702,2.9866640932699995,2.242764497004001,13.831443726772001
43.30124999998952,-0.6498312149899996,-2.07615274807,11.71167462328
43.36172999997507,-0.22892359068000023,1.85016034866,2.66231193552
43.442419999977574,-2.5361072320159996,-0.07632298057600007,6.651740078175999
43.50290999998106,0.49334276459199955,-5.391425844992,13.363828432064
43.66421999997692,1.2821598118079995,-8.1897484325,16.359944373723998
43.74490999997943,1.5386951672240001,-0.709370064932,11.097402772696
43.805429999978514,-0.33707021297999995,0.06285957681000007,6.13250717606
43.886089999985415,-1.6722207955480002,4.4928933839419996,-1.360683171966
43.96673999997438,-0.5103684910399999,2.47466433494,1.6578879562200002
44.047429999976885,0.3914457933159993,5.515517962479999,-0.846833114356
44.128089999983786,0.34022578489999983,6.035867849299999,-1.42213910675
44.18860999998287,-0.6914489473200013,-8.48277884092,16.71199406716
44.26926000000094,-2.716360060116001,-3.7921366494679996,13.34435883686
44.34994999997434,-2.438898880288,0.25363271482400007,12.803681343984
44.41046999997343,1.189161236082,-0.0725036945480001,10.306830763242
44.491159999975935,-0.843679872308,0.6159945798400002,7.793943117075999
44.63232999999309,1.0963213778639993,10.10262055973,-3.4829137765839997
44.71295999997528,0.9097095777960003,3.908746314502,-2.93875045293
44.77350999999908,1.3977463106480004,-3.3486594198999997,22.721659376759998
44.85412999999244,0.280808467999999,-7.538173049999999,22.588035976
44.93481999999494,-0.026156886638000004,-1.7171718962599996,16.703610213203998
44.99533999999403,1.9846702973999997,4.33918618166,-0.83838156327
45.07600000000093,0.745821225648,0.24716254999999987,7.494285944780001
45.156649999989895,-0.33036574588799955,5.444551646431999,2.9638480654080004
45.21716999998898,0.7588732058480003,-4.560252329992,11.487539430408
45.297829999995884,0.003554429824000005,-2.9773594693999996,13.159721468336
45.358379999990575,0.6924760968040009,-8.620693810495998,16.214881403372
45.438999999983935,0.08588620134799953,-10.98841553624,16.694386148792
45.499549999978626,0.45500702389599995,-1.0112323789520001,5.728729587752
45.58020999998553,-0.410681749472,-2.031010675648,11.662725706496
45.64069000000018,-0.714993226846,-3.398994642406,13.206304855908002
45.72137999997358,0.7922195586720004,10.716034685752,0.347933812636
45.802069999976084,1.743349856404,-0.03486387910400013,8.709568604600001
45.86258999997517,-1.9471043494419995,-6.755996606623999,11.946295277654002
45.943209999997634,-1.314701890032,-0.37460797429199977,8.204435018647999
46.02390000000014,1.1098033287140001,4.490752022662,4.015600677888
46.10455999997794,-1.35288976192,-1.2904644146199997,5.991085036079999
46.165079999977024,-1.0432279247,-3.21584938532,13.92083458588
46.24572999999509,-1.298860840536,-3.5944165715,15.435908820492
46.3264199999976,2.5736310371199997,-2.5485827055799994,14.538254078300001
46.407079999975394,1.0768052087280002,-2.921730940552,14.732134470904
46.46759999997448,-0.4739249082000001,-4.336260929888,12.459924102104
46.54831999997259,-0.49592901943,-4.5665486707600005,17.07588658618
46.628939999995055,-1.0691418084779998,-2.354471408998,11.397194566384
46.70959999997285,-0.7425405208320001,-1.5069953070079998,12.421483408512
46.77012000000104,0.08825623199999968,4.142297954000001,6.402794868
46.93145999999251,0.2482486170479993,-3.280045974342,6.844092614671999
46.992009999987204,1.874599809784,-6.240010960184,14.389557317304002
47.072669999994105,-1.1113752038899993,-3.60576240828,13.4770811937
47.1532999999763,-1.3959134677999996,-4.387803419949999,11.31190804913
47.23401999997441,0.31968954755400003,-0.03805477152800002,9.970482594026
47.29452999998466,-0.5849620716159997,4.15219238274,5.595375524084001
47.37515999999596,0.3111655809200001,1.8465430831779996,5.984301170494
47.45584999999846,-0.5479158487999998,1.5978849550079997,5.230386049248
47.53650999997626,0.03429279048799938,-4.229880022816,12.263703917012
47.597019999986514,0.07571085587600038,3.2652869944079996,4.788556763204001
47.677679999993416,-1.7227485864639989,3.9266635578320006,5.614723401344
47.73822999998811,0.2142067122339999,1.6971781454000001,10.681879411762
47.87939999997616,-0.3946145825680001,1.0500446010000002,6.325843664753999
47.960029999987455,1.1278115051000002,2.3036265840999994,2.6557745632999996
48.040749999985565,1.847687911396,0.8168382613119995,9.505042959368
48.10124999997788,-1.692563662207999,4.316785583251999,7.17190726252
48.262559999973746,1.8794879738559997,-1.0097578387680002,8.087037317264002
48.34328000000096,0.18501367525999995,0.7046109117880001,10.55092397016
48.42390999998315,0.18578319972199986,-3.2899716460739996,7.642798912048001
48.48442999998224,0.29879110021999994,-1.4571651972119999,7.786549846303999
48.56508000000031,-0.04624665411200002,-4.1025879075519995,10.605746593344001
48.64576999997371,1.6948339774200003,8.488718691707998,4.079230568672
48.72642999998061,3.046911305444,2.4720980011559996,5.6003653394
48.7869499999797,0.054924442468000656,-10.955077957756002,15.025777489984
48.86766999997781,0.7486440077600004,1.9152817450079995,10.180442022912
48.94829000000027,-1.2795950808799998,-1.0703623891959997,11.945409419112
49.02894999997807,-2.047997282104,-3.7338145288399995,11.179085841132
49.08949999997276,0.8254019884520003,1.6227115330319997,9.316274258824
49.170129999984056,-0.8751911123159999,-4.689876974346,10.875461995005999
49.25080999999773,-1.4516121566440003,-4.617683678452,11.21625578498
49.31135999999242,3.979480505464,0.4053409159659998,11.27506348399
49.39201999999932,1.762780483488,-2.654595163328,16.939926662112
49.47264999998151,1.0749446267199998,0.7958940357920001,14.131536996964
49.53318999998737,1.6441828842200008,-5.445457903462,8.12545414333
49.61384999999427,1.5787414133199995,4.063209088756,6.902391167456001
49.69451000000117,1.0702973669199993,5.110040328024,3.017503070892
49.75508999999147,-3.6850479076400013,-0.5504470430799997,6.28548189632
49.83570999998483,-1.1014086237120013,-2.821241361512,17.881799915660004
49.91636999999173,3.4551764622240007,-6.0813088012879986,18.427308083796
49.97688999999082,3.190139483945999,1.3143953921220004,2.12063765162
50.05754999999772,3.2815621836,-10.10450486384,13.86779424448
50.11805999997887,0.08374190714399998,-2.392460718436,5.872510731932
50.19871999998577,-0.45606808604399984,0.4625719329700001,3.9809190961740004
50.27937999999267,-0.701374321326002,9.281023915973998,-2.06495627112
50.360069999995176,4.333630311394001,-2.793914616251999,13.701596026556
50.42054999998072,2.6130298855439995,-0.6235119546159994,9.096686506608
50.50123999998323,2.9516608915199996,-9.47377849891,15.034411981706
50.58189999999013,3.27066850928,-1.1324669247999999,6.85063009376
50.66261999998824,7.596951183104003,-10.452815372607997,17.737757630752
50.743249999999534,2.978736171343999,0.6332619747300006,1.9383731223660001
50.8238999999885,1.2051597912319996,-1.5120656628480003,10.659185944576
50.88438999999198,4.853378040048,-1.5687695518960016,16.757405667240004
50.96510999999009,2.9830409860175564,-4.046300912756268,15.791718057998816
51.04576999999699,3.2673218642759996,-2.3567325424520016,14.792852167988002
51.10627999997814,1.4275000338500012,3.4094307300500004,6.8787989807
51.14662999997381,3.9259084047159987,-4.380798928136,15.743860628300002
51.22727999999188,2.474094355,-0.10917689250000018,19.3306551775
51.307969999994384,2.534551781456,1.5933574294879995,13.071009998016002
51.36848999999347,2.099557311712,1.7774139703999998,8.559903367712002
51.44917999999598,-1.1952970875659996,3.9361629873880006,1.8799502365060001
51.52980999997817,-2.4823618168,2.157525503599999,2.2239068109000004
51.61048999999184,-3.3410255083519997,1.9831220120319994,0.003611488511999958
51.67100999999093,0.025094090731999308,3.7187750008200005,5.733907815116
51.75166999999783,5.057926495522166,-2.3749380547575507,21.174041226176463
51.83232999997563,3.0741223790399994,3.3027377421120008,12.629629801728
51.892869999981485,0.0996689108160001,0.331955038308,8.486383449538
51.97349999999278,2.63362829055,1.3393594259,9.02970714405
52.05418999999529,-1.1051194648440004,1.0468327197539993,6.3445527337700005
52.11473999998998,0.9701531284760001,-0.22612864786800002,9.585642551312
52.19535999998334,-0.7460217455999998,0.09357953478999975,10.709012913686
52.255879999982426,0.8908874046580004,-0.6840665678199999,14.225230282534
52.33656999998493,-0.37501222966399994,0.17640258968000025,8.8422330064
52.47776999999769,0.5851331654240001,0.4948758621439998,9.606617009104001
52.55836999998428,3.725036669772,0.04512323608999946,18.265341420332
52.61891999997897,-5.606918487883998,2.844666554588002,3.7060771452120003
52.69956999999704,-0.7741032931599999,0.696611276374,11.951187754794
52.86091999997734,4.2732233700719995,-1.1627931671679999,12.879147824448001
52.92143999997643,-4.4575075171280005,1.4555670310880007,6.119967173624
53.00212999997893,2.538209812416,0.47396159423999945,18.831072034431998
53.0827500000014,-0.2671142303099999,0.39023284978000006,13.658225182059999
53.1634399999748,1.915687755032,-0.5545971737959998,11.024001058056001
53.22392999997828,-3.5460537327679993,-1.5019492863919994,7.958900881664002
53.30461999998079,1.1582750348159998,-1.056612310528,8.868472474079999
53.385269999998854,2.0039085423199996,-0.9896204121200003,21.02488292756
53.44578999999794,-3.936263137672,0.735661434258,3.3944245988199997
53.52648000000045,-4.5076253409280005,2.1063091928319997,3.7356662642560003
53.586999999999534,2.1993709004800004,-0.39723358273999987,9.296843432440001
53.6676499999885,-2.574985027099999,0.9076603155840006,3.1648030713079995
53.7483099999954,-8.716734281287998,5.259309835623999,-13.467386780174001
53.88951999999699,4.523017280268001,-1.221671295176,8.866214909545999
53.97013999999035,-7.376094864032001,3.5307440466619995,-2.27894288415
54.050889999984065,-5.76490162985,3.27557955855,-3.8176002130000004
54.11137999998755,5.576110112931999,-2.2353837594319996,23.024739456960003
54.19203999999445,1.65429054816,-1.09545789973,14.454090920396002
54.25258000000031,-0.33654699451000003,0.83377637466,7.89353415718
54.333239999978105,0.9837779000960001,-0.914074527584,11.298610789568002
54.47441999998409,-3.802919024400001,0.9640431989599999,-1.4965240007999998
54.55503999997745,-2.911591725732,-0.4350199901379999,7.482450044824
54.61559000000125,-1.80867947174,1.0611375816199997,17.62303440086
54.696249999979045,0.49743809537999994,-0.5407572789840001,9.114995116368002
54.77693999998155,2.790531683541462,-2.346542496318113,10.230677890159694
54.837449999991804,2.4931421577,0.7226144260519995,18.219164763756
54.918109999998705,-1.2690181329319998,0.31841413237600014,10.023562748360002
54.9987699999765,4.909328379523998,-4.531218394578,25.51833626475
55.0593200000003,-1.5494340945840002,-1.9686253981119992,11.269037078456
55.13993999999366,-0.25186750092000015,-1.0384924285000001,12.76542172516
55.22065999999177,-0.4917697952720005,-2.91537747718,15.380327919484
55.30128999997396,0.7766666126640002,-1.35741514824,17.33810489434
55.36180999997305,-0.3676643139080001,-0.17225340007599996,1.027927027954
55.442459999991115,-7.0372428300240015,3.9214353759280014,-10.13756725702
55.58366999999271,-2.074004441344,-0.6234690664959999,14.143323620352001
55.6642999999749,-3.0955237365820003,-0.1384690037099992,4.83208597336
55.74500999998418,-2.8977198391999996,1.4725275829400002,4.28763560978
55.805529999983264,0.3243175935999996,-2.0634661406720003,13.168959857535999
55.886189999990165,2.1060111698759996,-1.46283374878,14.032368502244001
55.94670999998925,-2.0179544386899995,1.9610065616360002,7.1744824870879995
56.027359999978216,3.3407723446600013,-0.8530858176500005,15.066254343679999
56.10801999998512,-0.3035432458920002,-1.5142668837,10.221033576667999
56.168539999984205,1.6379585070379998,-0.22786525867400048,8.804398414560001
56.24922999998671,0.441411677748,0.6134251297479999,6.658360235952
56.309739999996964,2.854943825297999,-1.1722018426280003,8.306910995932
56.39039999997476,-4.105289901279998,1.4299350126400006,-2.1792040516
56.47105999998166,-5.675876395833217,3.131696992832921,0.3856434107581762
56.61225999999442,3.9791705556399997,-0.24886148046399975,21.91829022136
56.672749999997905,-2.630306679646,-0.1156092151639993,3.2070055644980004
56.75344000000041,-1.4323993969139994,2.8293750580640005,5.72148168813
56.813979999977164,0.4619461389779997,-1.03715250998,4.952297020218
56.89460999998846,-2.7851110350559996,2.5776504270400005,-2.594956078
56.975299999990966,-2.731369561059999,2.16268254128,3.0712437156699997
57.03578999999445,-0.9080925637839992,2.2762883855759997,1.5908047335720001
57.11643999998341,5.081216365311999,-4.493809934592001,19.353422997248
57.19712999998592,-1.19000993326,-0.4787870342839996,10.280825159616
57.27778999999282,-5.474335554439999,1.612755435430002,3.57575283302
57.33833999998751,1.582244500999999,-1.43300562596,14.8969145449
57.41896999999881,0.8025608645840001,-0.03658904827199999,11.074462626739999
57.56016999998246,2.41172705061,-0.2796784329000001,4.043454053658
57.64085999998497,-1.803409248184,0.2948460021140002,5.899972399400001
57.721489999996265,-1.8215121503720004,0.197691124844,-1.5559106718439997
57.78205999999773,4.845978591252,-2.9803242077719996,22.3181913043
57.862719999975525,-1.4310828149819992,3.291448278586,2.9379781271440004
58.00389999998151,1.3830905535939997,0.9940398214439997,11.043788670120001
58.08452999999281,5.2545096206999995,-2.096467841236,20.138501741316
58.1450499999919,-3.7256177513779996,0.21659346916800093,-0.428303763494
58.2257099999988,1.7877456815000001,0.3527050599999996,9.236725814249999
58.306369999976596,8.060154358816,-3.8945470159499984,28.504560385474
58.3870599999791,6.0667686421479985,-2.0385928084000007,22.553323924592004
58.447569999989355,1.592987137528,0.6867887843419997,3.656914959666
58.528229999996256,0.8602439516239996,-1.5334273247039998,4.86341388792
58.60891999999876,-9.29153229776,3.3514783546440006,-10.074471844572
58.66942999997991,3.346358276723999,-1.261617418200001,19.484794535244003
58.75008999998681,-2.3974074507179997,-0.4464361365479993,15.566873426817999
58.830749999993714,-2.4049569649839997,2.360665345248,1.7684397683120001
58.91146999999182,3.904489175732,-1.0811786861640005,19.102458488584002
58.97198999999091,-4.2691195231379995,1.490065749178001,2.0176902506400003
59.05260999998427,2.181469476999999,-1.6326389722600003,8.8302322848
59.13326999999117,0.8326667502999997,-1.12438996146,9.731766848080001
59.21398999998928,-1.9768211076320004,4.007919049503999,7.258159045552
59.274479999992764,1.8327588295499997,-0.3661150022500001,8.26251021088
59.35512999998173,1.5967760999999998,-0.7092030305600003,9.47821780368
59.43581999998423,3.4689919728859984,-1.4216956129640008,12.128403730952
59.49633999998332,-4.047224165523999,2.740132796860001,-0.596401346124
59.57699999999022,4.466978260627999,-0.1543527432880013,21.408637885616002
59.657689999992726,3.0106725351479997,-0.20259680779800082,12.480583394990001
59.73833999998169,0.21354193029199992,-0.13533140325999996,11.851207044268001
59.79885999998078,0.6795440644999999,0.2854401264999998,9.366459231750001
59.87954999998328,-0.4637805108199998,1.09307793846,9.739742752080002
59.96017999999458,4.191134943219999,0.7488066117699991,19.05127821009
60.02068999997573,8.534751355767998,-3.5023368319280017,20.980377647527998
60.10140999997384,1.1953371204640004,1.1324643411519997,10.303992478732
60.182039999985136,0.11084338526400012,0.5099881599219999,13.085759675964
60.24254999999539,2.0595540090679996,-0.04903163646000061,13.860083922756
60.32320999997319,0.09708130148799972,-1.030447689308,7.041531284676
60.40389999997569,1.3219813256603326,-1.540067352938358,15.278825735593353
60.46444999999949,-0.13586400688600017,-1.0314620317139997,14.292719106076001
60.545109999977285,1.5472167118999998,-0.9166665177500003,13.596534080600001
60.62575999999535,-0.414864326264,0.17975420390799995,12.595539147496
60.70641999997315,-0.8976066081475546,0.6916824474214094,5.200964319100418
60.766969999996945,-2.333462546412,-1.920217314467999,6.285927303392
60.84759999997914,-6.604796946973997,1.4588188135440017,2.15297700577
60.92831999997725,-2.0945766485359996,0.602074660292,-1.545077856064
61.008969999995315,1.231746419092,-1.97915468834,12.805286272580002
61.06951999999001,8.735467046779998,-2.4324429264400016,19.97058050298
61.150119999976596,-2.8709218167199992,2.83600201954,-3.67145085551
61.21068999997806,4.230802822555998,-4.500184209975999,16.19636833734
61.291319999989355,-6.418780446271999,0.2857875853200012,-1.1356624094960002
61.35183999998844,-2.8435507012680006,-0.7817471194379995,2.3243615492500003
61.43249999999534,-2.095105606912,-0.24962222310799956,1.50345243035
61.51317999997991,2.2707642614039996,-1.5592049438120006,11.07107113974
61.573699999979,1.9801729638719996,-1.3971683024080004,10.361363411712
61.6543599999859,0.823593229,-0.23751760807199998,9.497607779304
61.7350199999928,-0.8186482198079996,1.0389984917559998,5.502850860646001
61.815709999995306,0.2551825612519999,2.069069587502,6.571229431060001
61.89635999998427,1.9279680844800002,-0.06782792231999993,12.68177162291
61.95687999998336,0.53846033189,0.9206315569059998,10.738195525387999
62.03756999998586,3.8557933988200004,1.45830972249,14.411186094960001
62.11819999999716,1.1777706806600001,0.2878312693,12.287724758278
62.19887999998173,-5.552750590259999,-0.8403538553120004,-1.09931082548
62.259399999980815,-3.656766816368,-2.607758089151999,4.34229032332
62.34014999997453,-0.7389976019500001,-1.8043574635999997,11.20250630515
62.42074999999022,3.8140230274199998,-2.568547510234001,18.219913878326
62.501399999979185,0.297096901384,0.011064794215999943,8.537450661631999
62.561949999973876,2.277288894912,-0.7258569990400002,13.061354173151999
62.72326999998768,2.3725899060179994,-0.6940220912640005,18.612670049284002
62.78377999999793,-0.029586949775999974,0.11551026825600004,7.413553482224
62.86447000000044,-1.8260689194199995,0.7468443887660003,-0.48091615896400003
62.945129999978235,-1.2357337701559996,3.42864524241,2.417109139182
63.00567999997293,-4.5906355142,0.6383214520359999,4.715110516816001
63.08629999999539,-1.0879675812939997,0.008996196136000459,9.636114586849999
63.16695999997319,4.847207794687999,-3.4524267448320014,13.503482516608
63.22750999999698,1.151468851332,-0.06353430786400008,14.628142524400001
63.30816999997478,2.8244432401879997,-0.01618774434000106,17.737164025579997
63.368679999985034,-1.0742280204999999,0.5923220965000002,5.730674683250001
63.44930999999633,-3.645477518515999,1.8753846910040006,-0.923325253364
63.53002999999444,1.4203120207399997,0.22063561654799957,6.324158949356001
63.59054999999353,1.7087161583880002,1.0597826219879993,14.983804117032001
63.67116999998689,9.268749326299998,-4.538911944550001,22.831094204150002
63.75185999998939,1.338537441615999,-2.1156084877120005,8.280891482429999
63.8325499999919,-4.705404644132,-1.0268279018279982,7.43359943052
63.89309999998659,-3.031619952104,-1.1046789391959995,9.805199506784
64.05440999998245,0.3155069363759999,-0.49660231523599996,13.09837142924
64.13506999998935,0.7242325989999998,-1.06433886734,6.626498258486
64.27624999999534,0.569033887328,-0.036744370102000046,14.986673171190002
64.35692999997991,9.396697104742,-1.485655836448,22.208207421260003
64.43755999999121,-0.17235065450800022,-0.7325648356419998,8.786773092722
64.4980799999903,6.804095016479997,-3.387567022880001,18.368949284960003
64.5787699999928,1.8821002847040003,-0.38222615875999993,13.778770151536003
64.6594599999953,-0.6166076262719992,2.14291465712,11.983232631752001
64.71996999997646,2.7084454666639997,-0.7802879894620001,10.46925049971
64.80059999998775,1.4950283351039992,-4.584919644826,12.839763521696
64.86114999998244,-3.8231059683359985,3.0119058586520002,4.147888659308
64.94182999999612,4.5129532950239994,-0.7519813746040009,13.770458179239998
65.02248999997391,0.47471933247999987,-0.3174864565,6.800639111603999
65.0829799999774,3.767386182467998,-1.4077785007240007,15.269156843704002
65.1636399999843,0.021810288011999912,-0.12290836140400006,12.283006344148
65.24431999999797,0.2504122284378004,0.8108229608656072,9.19461536335541
65.38549999997485,2.723253046319999,-1.5531642262400003,11.94804212658
65.46612999998615,-0.10335145819600028,-1.281182228884,5.362786937316
65.52669999998761,5.662558931060001,-2.397756650940001,21.223698885220003
65.60735999999451,3.518035014168,-0.8547172363680005,21.060406028384005
65.6679099999892,-0.7404272951840001,0.49377363384000006,1.9988888679360002
65.7485099999758,-0.4820147264,-0.1353829137439997,7.275197610448
65.82921999998507,-1.350704338964,-1.1701380133319992,2.2931684390119997
65.88970999998855,4.676636106879999,-2.2291358923200018,17.798231828671998
65.97039999999106,3.568826477651999,-1.390309979324001,20.062743441884
66.0308799999766,3.3973533545,0.38622443729999884,17.85478704878
66.11159999997471,0.25191799286400013,1.198716771552,7.157446035696
66.19225999998162,-2.254133541399999,1.33321760926,10.517897357980003
66.27288999999291,-0.4283535618559997,0.42271699776,7.5076536938239995
66.35357999999542,5.074384410134,-1.7741963920960009,9.710633352436002
66.41408999997657,-1.1929222519199998,-0.04468404884599944,3.6257082133320004
66.49474999998347,-2.4744635383039997,0.45909012709000047,-1.3157190148420002
66.55526999998256,1.7095209273940002,0.37044124591199934,14.721395290818
66.71660999997403,5.021914562739998,-2.933998920070002,20.085968297309996
66.77712999997311,1.7849733043559997,-1.1746267303400004,13.104591821755998
66.85775999998441,2.795581170402,-0.6290405691000008,11.061589744647998
66.9183099999791,6.1983943981279985,-2.1212480961680007,16.356513008180002
66.99895999999717,1.9924844565204007,0.5311710414422439,11.713599098363659
67.05950999999186,-3.938007621659998,3.7463971899000015,-4.16530428695
67.14013999997405,4.59539957624,0.7679091084659991,21.079254465755998
67.22082999997656,6.311314414918,-0.3726889091880021,11.904917799798003
67.28136999998242,5.694054041079998,-1.9830346986600018,15.676641452590001
67.36199999999371,2.819311604135999,-1.5656972634920003,15.836029283032
67.4225199999928,1.5031944652240004,1.1379612157259993,13.185246732574
67.5032099999953,2.936119934096,0.38442294564799917,13.0472300144
67.61925999997766,5.149019399557998,-0.5438296798320019,16.577498846562
67.6394099999743,-3.858756931051999,0.5482782110120007,0.3079759272039999
67.80071999999927,0.18764598672400018,1.0075246934559998,6.534470987292001
67.88140999997267,0.4365597000100001,0.40827066911999993,11.54189456922
67.94189999997616,1.0771235433000004,0.6103866804399997,10.49560837118
68.02260999998543,1.2264636009419996,-0.22534435350800028,10.752031591478001
68.16375999999582,-1.0744631536639995,0.8954239493120004,6.032151157248
68.24444999999832,0.9941348958239998,0.06503434697599976,9.624647456916001
68.32506999999168,-0.9803517364319998,-0.0061832601599996605,5.102722612528001
68.40575999999419,-0.5369431040399998,0.39204104648000015,6.3723562053
68.4864499999967,4.135455189768001,-0.06099862402400063,12.34147634648
68.56710999997449,0.7898428727479998,-0.2894470195400001,11.327810933820002
68.647799999977,-1.0385016893599996,0.8587648527900003,7.83066389065
68.7284599999839,-0.8761289688080003,0.523226466502,9.285298258816
68.80910999997286,-0.042523686618000045,-0.134566435862,7.731993201151999
68.88979999997537,1.7864543338399999,-0.57078838232,10.772831266096
68.97048999997787,4.053112468347999,-1.9884925977160008,16.035977174147998
69.05117999998038,1.35684074795,0.4956296372499998,10.15912759138
69.19228999997722,1.5452685974180003,-1.1291943469999999,17.021031842222
69.25284000000102,1.0768488874639996,0.12999208812399962,9.322046137404
69.33349999997881,-1.174057985586,-0.20483538566599957,3.2576182384559997
69.41414999999688,-1.582916531372,-1.068054147152,5.4446340843279994
69.49486999999499,0.9448277647879997,-0.718241861996,10.942989584820001
69.55535999999847,3.0929889396880004,-0.4528043751399999,16.029436564439997
69.63605000000098,1.6853593710720003,0.5957852767479999,13.225757239712001
69.71667999998317,-1.2372556105839998,0.5876569834560004,5.880439643948001
69.79738999999245,-1.5294565848639996,0.9314882259200004,5.058762802176
69.87804999999935,-3.248431386956,2.521613524542001,2.36862335386
69.95870999997715,1.2532104418840002,1.0699453953639995,8.051197563676
70.03939999997965,0.41855748555999994,-0.26458915996400006,7.968112200224
70.12008999998216,-0.9516954852839998,0.7870070915600003,8.627857904008001
70.1805699999968,3.4610907149120003,-1.2083908233860001,16.417098136116
70.2612299999746,-1.9050113213905189,1.076320903009062,4.007773253544718
70.32174999997369,-0.9558189477200001,0.222777661804,8.512036261488001
70.4024399999762,-2.9463163872199996,0.6349219626680007,6.957877972595999
70.48308999999426,0.00029649413999988106,-0.4617954686999999,8.45872777528
70.56375000000116,0.14487956674400015,0.43721071462399996,12.484687218654
70.64446999999927,-1.4266437172079995,1.2146346462600004,5.16070269182
70.72512999997707,3.976336166483999,-0.5253028767840008,14.055878574768002
70.80578999998397,0.3271812848800001,0.3810185186879999,9.657648616704
70.88643999997294,1.3715089023959994,-0.7120106463880003,15.008899793196
70.96716000000015,-2.3588649876359993,3.4680487948200005,2.00043238146
71.04781999997795,-1.0772553825399993,2.3920813134000003,6.870137656400001
71.12850999998045,0.353338227442,0.13514750538999998,11.232006693168
71.20919999998296,0.09473353698000009,-0.48503475438,12.33238729014
71.28985999998986,-3.6996498791799994,1.2138334562720003,5.532722427614
71.37047999998322,0.9277863769239999,0.1807212907679998,10.80703683227
71.4309999999823,0.8904923722520001,0.7544630550839998,15.194732789564
71.51168999998481,-0.04991054390400007,-0.5088364296960001,8.82237546194
71.57216999999946,-1.9766105401,0.22554514038400056,1.6795616435879999
71.65285999997286,-2.370476265152,0.44512249904000034,5.17945726864
71.73351999997976,2.4602037932200003,0.26488795861999925,11.787989209840003
71.81420999998227,6.003611836648001,-2.3438912344320006,15.231418740984001
71.89486999998917,5.478750714026,-1.526510699120001,18.740831134068
71.97552999999607,-6.374530506230001,-0.9835781466499987,1.3053903039599999
72.05620999998064,3.9969446159120006,-1.8298096437720006,15.855549083848002
72.21755999999004,0.949694129604,0.3176961320999999,8.657853694227999
72.29824999999255,1.3666776088059998,0.4886752244719996,11.426829392286
72.37896999999066,-0.2510997591919999,1.1026359224520002,11.584904381003998
72.4394199999806,-1.2801616640479998,0.0889581691360002,2.9595458466720004
72.5200799999875,-3.9740461298800014,0.8244740660500001,3.494978980412
72.58059999998659,4.9964217466399985,-0.12077364372000055,16.838628279460004
72.6613199999847,-2.7628100250499994,1.9727789753999998,7.61578913977
72.74193999997806,3.2241757518000003,0.2850613878639997,10.584209701064001
72.82262999998056,0.037788050253999894,1.766202664702,9.679262951400002
72.90328999998746,6.492130776434,-0.5613231220040005,12.715286168494
72.98397999998997,-1.6205283446800003,0.8713552953120001,5.2477944385679995
73.06463999999687,-1.9902648120319995,0.8249808536099996,-0.04031905377000001
73.14528999998583,-2.17582860698,-0.4552246548199998,4.398778115148
73.22600999998394,-5.740157024290952,-0.3071756275955543,-3.9510671195221447
73.30666999999085,5.022911199848,1.379839367804,13.44339921852
73.38732999999775,-3.928960729728,0.6138986028999995,1.232340222288
73.46802000000025,4.163831695792,1.9345694176280004,9.975275814105999
73.54867999997805,-0.6170369790919996,2.226614031372,16.981056221756
73.62935999999172,3.4151837793500004,2.4396347321,14.993433234550002
73.70998999997391,2.8682696459859995,-0.2644580199840003,11.510597387342
73.770509999973,-0.2709924887733134,1.5469986861901368,8.669689968966075
73.8511999999755,3.727723676288,3.167079150928,13.399867079580002
73.91167999999016,-2.1535578232519996,2.2429007250840005,6.181062021344001
73.99236999999266,-2.9114567986360003,1.7727336209560005,5.136414260528
74.07305999999517,-3.6773995321200004,0.6102199530400001,3.3129938172399997
74.15371999997296,6.237659913188,-2.105765830891999,13.062147256867998
74.23437999997986,1.0121359045559994,4.066268158514,9.323995657624
74.39574999999604,1.113570705786,1.6171829250860004,5.4418547064839995
74.47640999997384,-4.08070384572,-4.8179707102460005,-1.3751822389659998
74.55709999997634,-4.537240723343999,0.656547333719999,4.927111689816
74.63778999997885,6.468000912143999,4.1967672109560015,21.80047540353
74.6982699999935,-0.533675894512,1.01471247884,14.023524280418
74.7789300000004,-1.76677078128,-0.9891577298600001,7.83904006638
74.83944999999949,2.2730791083899997,0.7288419225199996,17.177156394529998
74.92013999997289,1.4117839869920001,2.9921155496639997,10.883732941616001
75.00078999999096,7.522965644540001,8.67204518903,20.92385355608
75.08147999999346,-2.3041751980159995,-1.597926268752,12.18765668374
75.16214000000036,-5.092727204441999,-3.7040402790439995,-4.159187322389999
75.24282999997376,-4.698753548399999,-0.00812850967999923,12.192072437599998
75.32348999998067,-0.18534740994400045,3.463451695424,5.2533076240400005
75.48483000000124,1.6105459400840003,4.618121780544,13.075242705822
75.56551999997464,-2.7017518017799995,2.44964425631,11.24854786219
75.64620999997715,0.7466176100000003,0.18570958550000005,6.3207122045
75.72686999998405,-1.1699623206039997,4.60067236008,8.199853712407998
75.80758999998216,-2.8483950826360003,-0.12261712080199971,12.186708677806
75.88820999997552,-2.53105064941,-3.389906046884,2.5395381966259998
75.9486699999834,-3.3633491401279993,-4.465736614096,8.008125927328
76.0293599999859,0.8162406479500001,-1.4577193347000001,7.41090768535
76.08986999999615,-0.34293652012,-0.6917584393599998,11.69721625594
76.17058999999426,-6.790118248212,-4.5614906754,1.2263361204279999
76.25121999997646,-2.6471148,-2.1275659648000005,8.996126935040001
76.33187999998336,-0.18111708005999994,4.0185599985280005,10.282880382239998
76.41256999998586,-1.991366953944,-0.05987355635200009,8.295291988336
76.49322999999276,-4.722944052752,-2.26472925912,11.833755742208
76.57390999997733,-3.11683331262,-1.4385147784999999,7.3178559016
76.65459999997984,-0.6233124000420001,2.65129119395,8.61131827422
76.73525999998674,-0.887447119152,2.615605018234,10.842046054042001
76.81594999998924,-0.5062974410080001,1.928593347072,16.199639355168003
76.87642999997479,-2.7872122675799997,-4.20901433343,2.6326782964900004
76.9571199999773,0.04131374184799996,-1.096286922368,4.378445045667999
77.01760999998078,0.4772047089079997,5.828372684544,19.563777714887998
77.09829999998328,-1.7565353699239998,-3.9834833401639997,4.012214292475999
77.17895999999018,2.766556291808,6.2199399192,17.265039369408
77.25963999997475,-0.24531150419199965,3.803961332428,15.544271203352
77.34029999998165,-0.3514627555039998,3.5741040668159996,19.777637232144002
77.42098999998416,-1.254141015038,0.2665145246099999,11.091083196568
77.50167999998666,-0.17088629587199997,-0.8271076805199999,8.429933824984
77.58233999999356,-0.9879623944739999,0.8745449338279999,9.340191382186001
77.66298999998253,0.591715437148,1.745236004816,8.430805144440003
77.74364999998943,0.7143791217000001,-0.890665477,12.2535143744
77.82436999998754,-1.392142109548,-3.654365771392,3.975414296956
77.90502999999444,-0.260765155114,-1.068823076534,7.9255615276
77.98571999999695,-0.011101083431999947,0.600818797516,8.950701163156
78.06640999999945,0.89670224776,-0.17755016167999998,11.11253643314
78.14702999999281,-0.034762288408000025,0.697474291298,7.916536441532
78.2075499999919,-1.3493782218000003,-2.3790230204700005,5.53518089489
78.2882099999988,0.7042399003200001,0.602608501424,10.505217009919999
78.4495599999791,-1.0996655393439996,-2.7072537935359993,6.743004494616
78.53020999999717,1.01311521377,0.13917990917800016,9.05740515602
78.61089999999967,0.7681652780479999,4.772470165122,13.735991566324001
78.69158999997308,1.148501930968,-2.989766992152,12.338758998308
78.77224999997998,2.207618711282,-3.723639367114,5.37240711742
78.85290999998688,2.391479665744,-2.249349873388,8.896509961112
78.93359000000055,0.7702768325719999,7.140250182508001,12.803891487168002
79.01427999997395,-2.6020981551420004,3.4074409126020004,16.6289654145
79.09493999998085,-0.09559047127999992,0.5190191991700002,11.58774211431
79.15545999997994,0.25448110905599997,-0.139631355712,12.468039106688002
79.23614999998244,-1.75430089852,-4.34109441804,6.8424625177800005
79.2966299999971,-0.6026618008000002,1.3106091163200002,9.8865072408
79.37728999997489,1.055218371418,3.1469721841199996,11.998250868111999
79.51845999999205,3.4926379371519998,7.480239796736,23.85455955456
79.59914999999455,-5.669934953764,-6.242529675606,-0.5776436754520002
79.67981000000145,-2.4194891570559998,-1.235065726784,7.41321105376
79.76049999997485,0.20558338058000003,-0.5550182584700001,9.89039645961
79.84118999997736,1.134111024088,1.539942621202,8.876979465464
79.92184999998426,0.05315438963999991,-2.9386049067,6.66253500888
80.00249999997322,-1.3864706195439997,-7.814887290862001,8.150229347008
80.08322000000044,0.8919739039199999,5.300245964939999,13.528607223280003
80.16387999997823,-0.30229764155200006,-1.663544685508,10.211641207331999
80.24456999998074,0.14068608061738708,7.498545745072743,18.066364958985968
80.32522999998764,0.40490623098800005,4.893366637100001,18.091833223515998
80.4058799999766,0.08604087750000003,-2.49610205535,5.42414731625
80.46639999997569,0.7742085642239999,4.430754808832001,12.299425595904
80.5470599999826,2.1947128989199998,-2.69993221622,10.728238030640002
80.6277199999895,-0.705985616702,-1.8002278262100002,7.824885833704
80.708409999992,-0.3426006517640003,6.868422133787999,20.020174840724003
80.78905999998096,0.7971464313999999,5.396321202024001,14.892753469368001
80.86974999998347,-1.12053780678,-3.954732230562001,10.431963132852001
80.95043999998597,-0.555358489712,0.5127814783359999,11.316018545296
81.03109999999288,1.4405964056,0.9797125882400001,8.343278063000001
81.11175999999978,-1.09418530072,-0.31020804408,5.64802526856
81.19240999998874,1.9399847645160002,3.0419548482579994,11.48742131611
81.27312999998685,-0.27279497694,2.30824645884,9.610989218200002
81.35378999999375,0.31065662079199996,-1.5343437920920002,10.910484940978002
81.41430999999284,0.5950269023199999,2.5847995387479994,10.861189865570001
81.49496999999974,-0.7623103474120001,-5.093656757095999,-3.47943370604
81.55547999998089,0.211964169072,4.319721956144,5.69787923864
81.69665999998688,1.22631632756,0.16483419913600006,8.58334480816
81.77730999997584,-0.748299685628,5.243545116116,20.514016698006
81.85799999997835,-3.042886114232,-4.686855058788001,1.832059725168
81.93865999998525,-0.701115166262,-1.379202229,14.256820623891999
82.01934999998775,-1.5508332131840001,1.5475199139620002,10.428674456004
82.10003999999026,-2.201492430166,-3.251171564998,0.9147897272519999
82.18069999999716,-1.586762852638,-4.517433924203999,5.133746635790001
82.26134999998612,-0.9781710120959999,4.90857133056,8.614
82.34200999999302,-0.9987452263519999,-2.8473974939119997,5.540480719888
82.42272999999113,-0.32162699429,-0.505692519006,2.7891411037
82.50338999999803,0.317191209612,-4.791968339259999,3.2857918439160003
82.58410999999614,0.07955835254799992,0.7094954861359999,9.019322144136
82.6647299999895,-0.845407316164,-2.8877492645080003,4.519337551028
82.72524999998859,2.225647412572,5.753987684306,9.263886383344001
82.80590999999549,0.528709471704,0.8362699356740001,11.038906088493999
82.88656999997329,-1.0440066820000002,-0.16729851895000006,6.9429011558500004
82.9672599999758,-0.64266456768,-6.00798814464,5.066103556608
83.04793999998947,2.23933779765,0.9712796722800001,8.35464609734
83.12859999999637,0.37773468477999994,-3.5838380232600007,3.36149600956
83.20925999997417,0.21631066999999998,4.5288078156,14.562389971820002
83.28994999997667,-0.65303310024,0.83698007592,5.62466538896
83.37060999998357,3.026657718752,4.9412636162400005,15.783361692496003
83.45125999997254,-0.550432639084,-3.9506349751920005,1.489733887364
83.53197999999975,-0.3241277304239999,-14.196931978712,-0.9336035614400001
83.61263999997755,-1.3711223250000004,5.6312773,16.6305851
83.67312999998103,-0.73506277882,-3.4237459362480007,2.665080599188
83.81432999999379,-1.3965033677999998,3.6622365336000007,12.839060670520002
83.89499000000069,0.26013956938399996,1.8201218080900003,9.878407295748001
83.97567999997409,1.7554213590460004,-9.361203558043998,-5.61077390688
84.0563699999766,0.4254184286399999,2.0495240000640003,7.3033981120960005
84.13701999999466,-0.46861372399400003,7.252202543966001,9.28475977724
84.21768000000156,-0.10622323020400004,-2.91229383914,6.758778217694001
84.29836999997497,-0.08110844147200001,-1.761582752896,4.9604895611840005
84.37905999997747,-1.6345133143,-1.0581413149639998,2.463866807772
84.45971999998437,-0.36079649822400006,1.7218539060440001,10.117618805472
84.54037999999127,-0.38130232676799997,2.321312304728,11.165402380452
84.62105999997584,-2.856174620736,-7.398788155904001,6.2814472656
84.70174999997835,1.6859225887840001,7.503631598188,17.84466188352
84.78243999998085,1.0222875125000002,3.4372406917499996,12.611390542499999
84.86306999999215,1.22066041685,-3.10464297936,4.4244286724799995
84.9235499999777,0.80588018782,-1.0358904297640001,8.928975761224002
85.0042399999802,-2.4492877303580003,-4.8325946295160005,5.933626070777999
85.06475999997929,1.2707435982,1.6486762880239998,8.837181051512
85.14541999998619,-1.5613071639599998,-1.411979493058,8.499528569636
85.22607999999309,-1.026033938406,6.460240273924001,16.417236477274
85.30678999997326,0.07490187459200001,0.6027903196640001,11.524566116431998
85.46810999998706,-0.318646679968,-3.6351516015880003,3.976014249852
85.54879999998957,-0.021190402496000002,-0.9833549672720001,2.176989328688
85.62945999999647,2.88987382158,7.477341138040001,16.40665433524
85.71013999998104,0.17264134359200003,5.076264468764001,13.460132794236001
85.79079999998794,1.2980204289500001,5.791531018600001,14.30234123538
85.87151999998605,-1.336626576036,1.685139102948,7.875089733104001
85.93200999998953,-0.1255834421880001,5.616299436186001,13.367752450838001
86.01266999999643,-0.5495662691359999,-4.272963458345999,4.890455575924
86.07317999997758,0.839810209056,-1.818798999188,4.9185617099800005
86.15386999998009,0.263864376494,-0.217128421658,11.916989473460001
86.23452999998699,-0.9814068692380001,-0.5059480279940001,8.075893443756
86.31518999999389,2.240016134478,-5.1113254208939995,-4.261397019276001
86.39586999997846,1.36564364885,4.95319958234,13.059468921250001
86.55721999998786,0.552655844514,1.4125271130280002,13.575966292846001
86.63787999999477,1.0514757472560001,4.578848578984,12.776947624152
86.71856999999727,0.8701070446920001,0.8759835790279997,12.63571620824
86.79925999999978,0.23012783147200017,-3.256498758712,10.70730753716
86.87990999998874,1.5786318548399998,6.316175072651999,14.964682153763999
86.96059999999125,-1.317046366648,1.2463210197759997,9.026471753464
87.04128999999375,-1.2844115203879998,-0.724717315638,11.43863021688
87.12195000000065,-0.76833079378,-4.679741275586,-0.730840983864
87.20257999998285,-1.29106656155,3.1921298487,10.38298713385
87.2631199999887,-1.033617922228,1.311116070752,13.296194404233999
87.3437799999956,-1.8565170823,2.9821969182360006,16.557473877488
87.4244399999734,-0.60365039928,3.5615982068000003,12.611577937660002
87.5050999999803,2.977347392222,-5.160798803056,5.222626248472
87.64632999998867,-1.846251951104,1.7200218475880003,13.707226597511998
87.72695999999996,-0.6541212166760001,1.45301642654,11.385911150676003
87.80767999999807,-0.738152148504,-1.3440446923799998,12.374155113208001
87.88833999997587,-0.33732569149999997,0.134727707344,10.233854781314
87.96902999997837,-2.3844753904799996,-1.6621251588639998,9.206292351616002
88.04970999999205,-1.26850874912,9.861611000339998,19.06549985758
88.13037999998778,0.9029009177920002,7.7377339084639996,16.272826691424
88.19086999999126,-1.9480605218520002,1.4659821693200001,12.685346540332
88.27155999999377,1.4408090902760002,4.711686866351999,13.144157955384001
88.33203999997932,-0.20867871946399996,6.187530362464001,16.541889002056
88.41272999998182,-0.20562782596399998,3.5022818227500006,11.606257791784001
88.49338999998872,1.74151180314,-2.8804555173399997,11.812691515570002
88.57407999999123,1.4129032656199998,1.56111932634,15.668572581692
88.65476999999373,2.3007799415459997,-1.734801255684,12.742638247816002
88.7354199999827,-1.6465235674960002,1.8721493545000003,10.665712822044
88.8160799999896,1.48355641558,6.279890393540001,19.883043906890002
88.8967699999921,0.42539320962800004,-3.9464592302800003,6.060369687664
88.97745999999461,1.3604691858740001,6.793378627988,18.404237749802004
89.05814999999711,0.953229717592,2.7302973103,9.867013402544
89.13880999997491,1.1253941167439998,0.289232565176,12.693002154403999
89.21945999999298,-0.09357253705400001,1.1742106702200001,13.088228453920001
89.30017999999109,-0.7773619741000002,4.021054364204001,17.368380160348
89.38080999997328,-0.29582629307600006,3.5557034900600004,11.396849645509999
89.52197999999044,-1.2993808543339997,-7.90246492346,-0.847707066404
89.60263999999734,-0.498187056168,-7.54516361096,2.747374349968
89.68332999999984,2.4574854236759998,7.2074322630720005,17.93653695434
89.82454000000143,0.708132264104,-2.3043657029099998,-0.8162612231280001
89.9051899999904,-1.073267481,-1.3057378509800002,4.687484441152
89.9858499999973,1.0507229624720003,-0.602270530918,5.067351213434
90.0665099999751,1.0594436900000004,-0.7577088417500001,9.4185571765
90.1471999999776,0.5611807085680001,2.586685027412,13.968126164489998
90.2278899999801,-0.671404842754,-1.0254420760160001,9.809998796056
90.30856999999378,-1.993432900356,-1.3414162669760001,9.191855075888
90.38925999999628,-0.6471773908,-0.39795674968000005,7.35526474456
90.44974999999977,-1.3291928524040002,0.9972040315440001,4.767349360364
90.53040999997756,-1.609653867952,-3.766650052288,5.643914622468
90.67160999999032,-0.38280071841599994,-1.2273392674999999,12.427570441968001
90.75226999999722,-1.5303677953280002,-1.2498275107839998,8.259507376512
90.83292999997502,-0.092645660968,-1.6261597719,5.478032550852
90.91361999997753,0.07591695888000004,-5.0177144795799995,-0.8303471406600001
90.9942999999912,1.6643389688319998,1.4935726544639998,16.521419287039997
91.0749599999981,-1.362545521954,-0.323387190796,12.315239060314001
91.1556199999759,0.4541162627520001,12.559809014272,19.046996261312
91.236339999974,-0.2928273333599999,2.1920958124320005,11.783038914848
91.31699999998091,-1.705976454836,7.4530547079,13.657660739444001
91.39765999998781,-0.57453099056,-1.70089069696,5.395084487104
91.47830999997677,-1.223181956056,-1.904405327976,5.006210094066
91.55902999997488,-0.42826541679999997,-3.949621968532,6.236978105127999
91.63965999998618,-0.12233042227199992,-4.10978296464,7.213416628432
91.72034999998868,-0.6629180262559999,-1.9522713115240005,4.574829182856001
91.78082999997423,-0.585426033636,-1.1854429595160003,12.181864917814002
91.86151999997674,-0.95517880598,0.01426855069000002,6.68946123293
92.00269999998272,1.780501732648,-3.52578896298,7.843348160156
92.08335000000079,-0.76478148992,-3.4573000888320005,5.015096141952
92.1640399999742,-0.5869613824800001,5.1596004517319995,14.254055147678
92.2447299999767,0.508437553096,-1.364584973114,8.330068528244
92.3253899999836,-0.660601168154,7.33917644483,14.948316072348
92.4060799999861,-0.17367468566400002,0.731026221416,11.242804503980002
92.48676999998861,0.38169737107,6.89340880186,18.559352638996
92.56738999998197,-0.5162377101679999,6.09039132548,19.217543778463998
92.64804999998887,-1.5160159754452107,5.4060671462725445,13.952450636688532
92.70862999997917,0.42102362536800003,2.432157190324,8.223592054268
92.78928999998607,-1.188015613282,-4.160688076912001,4.711429159266
92.84977000000072,-1.2319049267820001,-4.703351647812,8.07910758573
92.93045999997412,-1.0360136471680002,3.828356868864,13.330732170751999
93.01114999997662,0.713146457664,-0.31013982986800004,10.361101273400003
93.09180999998352,0.14317220558199995,4.6074507058880005,17.517488617614
93.17246999999043,-1.71178959187,0.061138556909999975,5.918494236152
93.3338399999775,-0.5277574148399999,-4.62162586108,3.1178743541600005
93.4144999999844,-1.4250254362800001,-2.375518466752,9.525718810344
93.4951599999913,-0.8592919216999999,3.101314478412,17.262343505064
93.57587999998941,-2.8825780172799997,14.58771099136,22.94824592704
93.65656999999192,-1.930052055584,-3.3655534338560003,0.879679479136
93.73718999998528,-0.6306742959420001,-2.149285968776,4.115830653070001
93.81790999998339,0.619720298232,2.445404049004,9.999149113788
93.89853999999468,-0.39174957401599997,4.268543243072,10.3546349588
93.95905999999377,1.99254666558,1.50812441212,10.64809555026
94.03970999998273,-0.36402519134,-4.25916584328,1.52083483504
94.0800299999828,1.208669666328,-5.364767312492001,-1.8532812107519998
94.18091999998433,1.81001860624,1.3624254477760003,14.216526420256
94.26157999999123,3.439991037404,13.726811572776,21.344474788646004
94.34223999999813,1.8979928048079997,6.191781431784001,8.283573148664
94.4229199999827,1.158023341824,-18.759744890636,-11.62674777246
94.5036099999852,-2.4349673819740003,-1.0535623970480001,7.869439168234001
94.5842699999921,-1.402043873924,2.00329651346,9.635107817324002
94.664929999999,1.1412600767199998,6.40939259514,13.002518386102
94.74562000000151,1.719975376672,2.4249069410560002,13.066154462335998
94.82630999997491,1.163044120582,4.266750413098,16.873793992756
94.88678999998956,6.481954426424001,28.118364019795997,29.057253362744
94.96747999999207,-0.5263901714239999,-2.83395995524,8.124120407376001
95.02799999999115,-2.306536593642,-2.451372521058,7.362543230028
95.10864999998012,-2.7447804820840003,5.269260677696,14.382503553095999
95.18930999998702,-1.7169578935639997,-4.525403015556001,3.95160400342
95.27002999998513,0.21930017691999992,10.025683963554,20.644817798974003
95.35068999999203,-1.9508208331380001,1.352439041352,9.944222280448
95.43134999999893,-1.296286261256,-4.605784446712001,3.1904875470640004
95.51199999998789,-2.4636934427759996,1.0617114308600002,7.21567555358
95.5926899999904,-0.6780302988480001,1.4675545900040001,10.028551260252001
95.6733799999929,1.506552846224,13.542622118448,10.0000663016
95.7540099999751,1.7923603301120001,-3.69381294587,2.5665100538620003
95.83475999999791,1.1238554280800002,-2.4171828970400004,3.96180348832
95.99609999998938,8.833990986887999,0.9869019813899998,2.7755233152580003
