0.08065999997779727,0.0,0.0,58.5
0.16131999998469837,0.0,0.0,58.5
0.22182999999495223,0.0,0.0,58.5
0.3025199999974575,0.0,0.0,58.5
0.38317999997525476,0.0,0.0,58.5
0.44365999998990446,0.0,0.0,58.5
0.584869999991497,0.0,0.0,58.5
0.6453799999726471,0.0,0.0,58.5
0.726009999983944,0.0,0.0,58.5
0.8873899999889545,0.0,0.0,58.5
0.9479099999880418,0.0,0.0,58.5
1.0285599999770056,0.0,0.0,58.5
1.1092199999839067,0.0,0.0,58.5
1.169739999982994,0.0,0.0,58.5
1.2503999999898952,0.0,0.0,58.5
1.3310799999744631,0.0,0.0,58.5
1.4722899999760557,0.0,0.0,58.5
1.5529499999829568,0.0,0.0,58.5
1.6335699999763165,0.046353624617891935,-0.027812174770735155,58.51665616445302
1.6941200000001118,0.08116771506626122,-0.04870062903975672,58.52916584887511
1.8554399999848101,0.17392096144761762,-0.10435257686857054,58.56249470585262
1.9159799999906681,0.2087293022423318,-0.12523758134539906,58.57500232426202
1.9966399999975692,0.25510592544137684,-0.15306355526482607,58.59166675275379
2.137849999999162,0.3362966390720575,-0.20177798344323444,58.620840865661634
2.218509999976959,0.3826732622543688,-0.22960395735262124,58.63750529414738
2.2991599999950267,0.4290441358164924,-0.2574264814898954,58.65416765663246
2.379819999972824,0.47542075899880376,-0.28525245539928223,58.670832085118214
2.4605099999753293,0.5218146311253468,-0.313088778675208,58.68750271163603
2.5209999999788124,0.5565942237019864,-0.3339565342211918,58.7
2.6016799999924842,0.12001578061080748,-0.3164933965372512,58.65293751639806
2.6823399999993853,-0.316454437742936,-0.29903458784279824,58.60588669925609
2.7428599999984726,-0.6439423823512941,-0.28593507008824876,58.57058400333313
2.823550000000978,-1.0805749377324467,-0.26846976791271415,58.5235156865097
2.884059999982128,-1.4080087698933434,-0.2553724146560582,58.488218823825214
2.964719999989029,-1.844478988247087,-0.2379136059616052,58.44116800668324
3.04537999999593,-2.2809492066008303,-0.22045479726715222,58.39411718954127
3.1865799999795854,-3.04501559414288,-0.18989214183496167,58.31175201003335
3.2470699999830686,-3.372341201723829,-0.1767991175614938,58.27646681379186
3.3277299999899697,-3.8088114200775722,-0.15934030886704081,58.22941599664989
3.408449999988079,-4.245606312486134,-0.1418685132104246,58.18233018014499
3.4890699999814387,-4.681860081365007,-0.12441836249494673,58.13530269592296
3.549589999980526,-5.009348025973365,-0.11131884474039726,58.1
3.6302799999830313,-5.691592542983439,-0.06394075339357824,58.176609279069645
3.7109399999899324,-6.373583406101944,-0.016580276900298604,58.25319007532809
3.7714500000001863,-6.885203380448127,0.018948887900702968,58.31063991393444
3.8521099999779835,-7.5671942433205555,0.06630936437689393,58.38722071016525
3.912629999977071,-8.078898768881901,0.10184440079004577,58.44468004303278
3.993289999983972,-8.760889632000406,0.14920487728332538,58.52126083929123
4.053769999998622,-9.272255952455021,0.18471642723078757,58.57868219508638
4.134460000001127,-9.954500469465096,0.2320945185776066,58.65529147415602
4.195009999995818,-10.46645864891801,0.2676471698442978,58.71277928983475
4.275689999980386,-11.148618614466843,0.3150193895618779,58.789379074615574
4.356319999991683,-11.830355823693779,0.36236225120161814,58.865931388062826
4.436979999998584,-12.512346686812286,0.40972272769489776,58.942512184321274
4.497529999993276,-13.024304866265199,0.44527537896158903,59.0
4.578190000000177,-13.538010665272536,0.5394547756652733,59.16151535668633
4.658839999989141,-14.051652776365117,0.6336224962512255,59.32301068911697
4.719389999983832,-14.437282408456685,0.7043212622990835,59.444257339819465
4.800019999995129,-14.950797144090469,0.7984656307175351,59.60571262385528
4.880709999997634,-15.464694006471358,0.892680055706452,59.767288053192125
4.941249999974389,-15.850259950648173,0.963367145636578,59.888514679638924
5.021879999985686,-16.363774686281957,1.0575115140550295,60.04996996367475
5.082399999984773,-16.749213254999972,1.1281752518176549,60.17115654172673
5.243709999980638,-17.776561165099892,1.3165223691072911,60.4941672308437
5.304229999979725,-18.161999733817908,1.3871861068699165,60.615353808895684
5.384889999986626,-18.675705532825244,1.4813655035736009,60.77686916558201
5.4655799999891315,-19.18960239520613,1.5755799285625178,60.93844459491885
5.5462599999736995,-19.703435569672266,1.6697826774337026,61.1
5.606749999977183,-20.193607013874495,1.726614149084809,61.07447356205338
5.687469999975292,-20.84770916254037,1.8024520791774807,61.040410178504295
5.768099999986589,-21.5010820101067,1.8782054526211387,61.00638477444071
5.828580000001239,-21.991172420932035,1.9350275290981358,60.98086255643283
5.909299999999348,-22.645274569597913,2.0108654591908075,60.94679917288374
5.989959999977145,-23.298890517294918,2.086647018156793,60.912761109003945
6.050479999976233,-23.78930506186366,2.1435066753575707,60.88722201122882
6.131099999998696,-24.442596876053102,2.2192506536271193,60.85320082710398
6.1916199999977835,-24.933011420621845,2.276110310827897,60.82766172932885
6.272310000000289,-25.586870468921205,2.3519200553708974,60.79361100560827
6.332849999977043,-26.077447080243733,2.4087985029198933,60.76806346795566
6.41347999998834,-26.730819927810064,2.4845518763635512,60.734038063892086
6.494139999995241,-27.38443587574291,2.5603334353568807,60.7
6.554719999985537,-27.849911692800795,2.593113422394901,60.68822122629301
6.635309999983292,-28.46913744555186,2.636720869666999,60.67255184079991
6.715999999985797,-29.089131563834847,2.6803824271876935,60.65686301196863
6.776549999980489,-29.554376871277878,2.7131461811542845,60.64509007126196
6.85720999998739,-30.174140479946015,2.7567915056035495,60.629407075431004
6.93782999998075,-30.793596742311934,2.800415185947077,60.613731856937584
6.998410000000149,-31.25907255959344,2.833195173000845,60.601953083224934
7.079009999986738,-31.878375148808246,2.876808031291503,60.58628175340028
7.159729999984847,-32.498599776706094,2.9204858218836276,60.570587091568676
7.220209999999497,-32.963307228455676,2.953211698688799,60.5588277611942
7.300869999977294,-33.583070836900184,2.996857023122316,60.54314476536891
7.36142000000109,-34.04831614456684,3.029620777104655,60.531371824656574
7.442079999978887,-34.668079753011355,3.0732661015381724,60.51568882883128
7.583249999996042,-35.746258419262716,3.169291607456577,60.50587995100176
7.663909999973839,-36.35732266562521,3.239127521404553,60.51372183009495
7.744599999976344,-36.96861418625617,3.3089894095546684,60.52156662583291
7.805109999986598,-37.42702600827251,3.361379332129319,60.5274494934766
7.885769999993499,-38.0380902548555,3.4312152461024934,60.53529137257263
7.9664300000004005,-38.649154501438474,3.5010511600756677,60.54313325166866
8.047119999973802,-39.26044602184895,3.5709130482005844,60.55097804740379
8.107619999995222,-39.7187820859228,3.6232943127246546,60.55685994283444
8.248769999976503,-40.78810663819616,3.7455028331209212,60.57058274514243
8.329509999981383,-41.39977694898057,3.8154080115743367,60.578432401951225
8.41013999999268,-42.010613921515585,3.8852179513705707,60.58627136440531
8.470659999991767,-42.46910150147443,3.9376165319958023,60.59215520426204
8.551349999994272,-43.08039302210538,4.007478420145917,60.6
8.611859999975422,-43.68441431279977,4.16381334242903,60.58084924570697
8.692519999982323,-44.48957639058451,4.372208233130784,60.555321236421086
8.773179999989225,-45.29473846836925,4.580603123832536,60.5297932271352
8.83375999997952,-45.899458511268,4.73711889962735,60.5106203186036
8.91437999997288,-46.704221301995815,4.94541044544379,60.485104968885246
8.995009999984177,-47.50908391463312,5.153727827519155,60.45958645427041
9.055559999978868,-48.113504492384436,5.310166094687581,60.44042304040985
9.13621999998577,-48.91866657016918,5.518560985389334,60.41489503112396
9.216869999974733,-49.72372882604443,5.726930039832162,60.38937018673457
9.358049999980722,-51.13301201643305,6.091685689075954,60.34468825825916
9.418599999975413,-51.73743259418436,6.248123956244379,60.32552484439861
9.49924999999348,-52.54249485035013,6.456493010762401,60.3
9.559769999992568,-52.98574497766206,6.4307973512715915,60.27114632797491
9.72111999997287,-54.16747676936939,6.362291160617288,60.194220683877916
9.78159999998752,-54.61043393570652,6.336612484371353,60.165386082349066
9.862259999994421,-55.20118997127456,6.302365757756395,60.12693041173145
9.942949999996927,-55.792165727626994,6.268106293704693,60.0884604382382
10.023609999974724,-56.38292176298189,6.233859567102092,60.05000476763446
10.084149999980582,-56.82631837088779,6.208155415982668,60.02114156035432
10.164809999987483,-57.41707440645584,6.17390868936771,59.98268588973671
10.245469999994384,-58.00783044202389,6.1396619627527524,59.9442302191191
10.305989999993471,-58.451080569335815,6.113966303261943,59.915376547094006
10.386609999986831,-59.041543643715904,6.079736559904217,59.876939946986504
10.467299999989336,-59.63251940006834,6.045477095852514,59.838469973493254
10.547989999991842,-60.223495156420775,6.011217631800812,59.8
10.608509999990929,-60.77075203796343,6.032539328429201,59.793615427625
10.669020000001183,-61.317918493817,6.053857501978804,59.7872319102013
10.749649999983376,-62.04702163905337,6.082264117953577,59.77872582840205
10.830339999985881,-62.77666733921388,6.110691872431834,59.770213416885824
10.890919999976177,-63.32446677541751,6.132034707553453,59.76382251479691
10.971509999973932,-64.05320821763429,6.160427231202825,59.75532065280591
11.052169999980833,-64.78258264046433,6.188844416434467,59.74681140614664
11.112779999995837,-65.33065335426161,6.2101978208129545,59.7404173391977
11.19340999997803,-66.059756499498,6.238604436787728,59.73191125739845
11.334579999995185,-67.33629737818158,6.288339795568973,59.71701849331548
11.415239999972982,-68.06567180074843,6.316756980790362,59.708509246659276
11.495899999979883,-68.79504622357847,6.345174166022003,59.7
11.556439999985741,-69.26284036452606,6.385270806766909,59.73001636174636
11.69761999999173,-70.35374186461513,6.478776649846825,59.80001487431854
11.778279999998631,-70.97700376432458,6.532199098516264,59.840006941355774
11.838759999984177,-71.44433428356824,6.572256000257884,59.86999355446793
11.919419999991078,-72.0675961832777,6.6256784489273235,59.909985621505164
12.000139999989187,-72.69132170446619,6.679140636580772,59.95000743716216
12.060619999974733,-73.15865222370985,6.719197538322392,59.97999405027432
12.141279999981634,-73.7819141234193,6.772619986991831,60.01998611731155
12.22196999998414,-74.40540783386828,6.826062305153275,60.05999305865866
12.30262999999104,-75.02866973357773,6.879484753822714,60.09998512569589
12.443799999979092,-76.11949396327037,6.972983973725778,60.16997868015516
12.504349999973783,-76.5873653743895,7.01308723762826,60.2
12.58497999998508,-77.31165758228539,7.117804183345158,60.22351734464032
12.66569999998319,-78.03675825215758,7.222638015130917,60.24706093956846
12.746350000001257,-78.76123011835756,7.327380935542383,60.270584117608905
12.806839999975637,-79.30460647493608,7.405941372635832,60.288227230302574
12.887529999978142,-80.02943765748284,7.510736242398637,60.31176207513478
12.94804999997723,-80.57308350164824,7.589335641552837,60.329413937932884
13.08918999999878,-81.84093172468818,7.77263899909555,60.370580228675486
13.169880000001285,-82.56576290723494,7.877433868858355,60.394115073507685
13.230389999982435,-83.10931892211757,7.9560202806463725,60.411764019601485
13.311049999989336,-83.83388061733888,8.060776188386225,60.43529011433775
13.391709999996237,-84.5584423125602,8.165532096126075,60.458816209074
13.472399999998743,-85.28327349510695,8.27032696588888,60.4823510539062
13.532909999979893,-85.82682950998958,8.348913377676897,60.5
13.613569999986794,-86.44827626243851,8.358188702316706,60.54999328547528
13.694229999993695,-87.06972301488743,8.367464026956515,60.59998657095057
13.754749999992782,-87.53600069222966,8.374423395257343,60.637497030120656
13.835399999981746,-88.15737039931942,8.383697569966422,60.687484117557865
13.916089999984251,-88.7790482873974,8.39297634439173,60.7374959971113
13.976639999978943,-89.24555710036869,8.399939162478057,60.77502505035956
14.057299999985844,-89.86700385281762,8.409214487117866,60.82501833583484
14.13792999999714,-90.48821946963749,8.418486361972176,60.874993027231966
14.198469999973895,-90.95465123724959,8.425448030127772,60.912515882442136
14.2791599999764,-91.57632912532759,8.434726804553081,60.96252776199558
14.359789999987697,-92.19754474214746,8.443998679407391,61.012502453392706
14.420339999982389,-92.66405355511874,8.450961497493719,61.050031506640956
14.500959999975748,-93.28519212657943,8.460232222417297,61.1
14.581649999978254,-93.86154149655572,8.486429920984893,61.09215535679555
14.662309999985155,-94.43767658373903,8.51261787942556,61.084313630176325
14.722789999999804,-94.869670757782,8.53225397819496,61.07843379350381
14.803479999973206,-95.44602012755041,8.558451676753108,61.07058915030219
14.884169999975711,-96.0223694975267,8.584649375320705,61.06274450709774
14.944659999979194,-96.45443509909803,8.60428872079593,61.0568636982311
15.025379999977304,-97.0309987518673,8.630496159490454,61.049016138441424
15.105999999999767,-97.60684812872927,8.656671131098369,61.04117830060155
15.186689999973169,-98.18319749849769,8.682868829656515,61.03333365739993
15.247179999976652,-98.61526310006901,8.70250817513174,61.02745284853329
15.307730000000447,-99.04775726743418,8.722167000870272,61.02156620649336
15.469039999996312,-100.19995601406457,8.774539671036333,61.005883725451866
15.5295599999954,-100.63223589842887,8.794188756638487,61.0
15.610249999997905,-101.19112556953516,8.811654058814021,61.015689438941145
15.690899999986868,-101.7497381853135,8.829110703010581,61.03137110024231
15.75144999998156,-102.16913054597119,8.842216714246213,61.043144498777124
15.832079999992857,-102.72760463428715,8.859669029459583,61.058822271263956
15.912739999999758,-103.28628651399828,8.877127838154037,61.074505876977945
15.973279999976512,-103.70560961072317,8.890231684891774,61.08627733109993
16.053939999983413,-104.2642914904343,8.907690493586227,61.10196093681392
16.1951199999894,-105.24215793940795,8.93824882003523,61.12941210783556
16.255629999999655,-105.66127324493927,8.951346173298186,61.14117772873605
16.336289999977453,-106.2199551244488,8.968804981986338,61.15686133444438
16.39680999997654,-106.63913969371131,8.981904499740889,61.16862889975203
16.558149999997113,-107.75664198079754,9.016826446119282,61.2
16.6186699999962,-107.97934176701742,9.016826446119282,61.2
16.699329999973997,-108.27615215617507,9.016826446119282,61.2
16.86066999999457,-108.86984653016445,9.016826446119282,61.2
16.921189999993658,-109.09254631638433,9.016826446119282,61.2
17.001879999996163,-109.38946709878536,9.016826446119282,61.2
17.08246999999392,-109.68601990399405,9.016826446119282,61.2
17.163189999992028,-109.98305107953136,9.016826446119282,61.2
17.22367999999551,-110.20564047261496,9.016826446119282,61.2
17.304369999998016,-110.50256125501599,9.016826446119282,61.2
17.38506000000052,-110.79948203741702,9.016826446119282,61.2
17.445539999986067,-111.02203463271712,9.016826446119282,61.2
17.52619999999297,-111.31884502198187,9.016826446119282,61.2
17.58674999998766,-111.61961353561728,9.06361265942322,61.2
17.66736999998102,-112.02007526261008,9.125906705939874,61.2
17.748059999983525,-112.42088469891267,9.188254840571467,61.2
17.808609999978216,-112.72165321254808,9.235041053875404,61.2
17.889269999985117,-113.12231363061635,9.297366007892734,61.2
17.969899999996414,-113.5228250304503,9.359667781295801,61.2
18.030469999997877,-113.82369288962343,9.406469448350077,61.2
18.111109999998007,-114.22425396215398,9.46877894861707,61.2
18.25228999997489,-114.92553387547878,9.577866935301588,61.2
18.33293999999296,-115.32614462085047,9.640184162454991,61.2
18.39348999998765,-115.62691313448586,9.68697037575893,61.2
18.53466999999364,-116.32819304795522,9.796058362465935,61.2
18.615319999982603,-117.0608377153077,9.925894126237159,61.175006972639764
18.67583999998169,-117.61061645397567,10.023323269750998,61.15625213053158
18.756529999984195,-118.34362449140401,10.15322342821918,61.13124670736932
18.837159999995492,-119.07608747398295,10.283026994688779,61.106259877901074
18.91783999998006,-119.80900466876014,10.412911054459293,61.08125755369383
18.99849999998696,-120.54174017876379,10.542762916928183,61.05626142737858
19.05901999998605,-121.09151891743174,10.640192060442024,61.037506585270386
19.139709999988554,-121.82452695486009,10.770092218910206,61.01250116210813
19.220329999981914,-122.55689909478787,10.899879686682137,60.9875174315949
19.280879999976605,-123.10695036088053,10.997357126195269,60.968753292639704
19.361509999987902,-123.83941334345947,11.127160692664866,60.94376646317146
19.442199999990407,-124.57242138088782,11.25706085113305,60.9187610400092
19.502739999996265,-125.12238180459372,11.354522191995368,60.9
19.583399999974063,-125.9310040753792,11.454464270409959,60.87551454071425
19.66402999998536,-126.7393255943541,11.554369177252454,60.85103818833351
19.724609999975655,-127.34664442859439,11.629431055643883,60.83264829094073
19.86577999999281,-128.7618837791037,11.804348278745616,60.78979418371607
19.94643999999971,-129.57050605018097,11.904290357196269,60.76530872442148
20.02709999997751,-130.37912832096643,12.00423243561086,60.74082326513573
20.087639999983367,-130.98604615250085,12.079244751870098,60.722445510291806
20.168269999994664,-131.79436767147575,12.179149658712593,60.69796915791107
20.26909999997588,-132.80519563540525,12.304083452010877,60.66736081598196
20.430449999985285,-134.42274092966213,12.504004780520338,60.61838079047893
20.490999999979977,-135.02975901180005,12.57902948730361,60.6
20.571649999998044,-135.73175664492962,12.673199901518755,60.59230952607829
20.71282999997493,-136.9606224329867,12.838047751162138,60.578847144083916
20.79348999998183,-137.662707108503,12.932229841795019,60.571155716601716
20.854029999987688,-138.18966230632392,13.00291895370896,60.56538285496301
20.934659999998985,-138.8914858544267,13.09706601505465,60.55769428816505
21.07585999998264,-140.12052572751057,13.26193721756749,60.54422999904693
21.15651999998954,-140.82261040302689,13.356119308200372,60.536538571564726
21.237209999992047,-141.52495620595676,13.450336428120442,60.528844283398286
21.31783999997424,-142.22677975380617,13.54448348943215,60.521155716603104
21.459039999987,-143.4558196271434,13.709354691978971,60.5076914274822
21.5396999999939,-144.15790430265972,13.803536782611852,60.5
21.6203600000008,-144.77226246096643,13.883670455489481,60.58798254748191
21.68087999999989,-145.23322149564262,13.943795547010259,60.65399672765881
21.76158999998006,-145.8479604857308,14.023978893598546,60.74203381425579
21.822079999983544,-146.30869102124944,14.084074180881364,60.80801527095095
21.90276999998605,-146.9232776787137,14.164237657996955,60.896030541914605
21.98342999999295,-147.53763583702042,14.244371330874582,60.984013089396505
22.0439399999741,-147.99851870516298,14.304486487630099,61.050016361725
22.124599999981,-148.6128768634697,14.384620160507728,61.13799890920691
22.18511999998009,-149.0738358981459,14.444745252028508,61.20401308938381
22.26577999998699,-149.6881940564526,14.524878924906135,61.291995636865714
22.346429999975953,-150.30247604822569,14.605002663018501,61.37996727649921
22.48760999998194,-151.3777932412086,14.74526142741691,61.53396400415802
22.5481499999878,-151.83890460873036,14.8054063884393,61.6
22.6288099999947,-152.4603321030603,14.84250653726009,61.91661432942415
22.709469999972498,-153.08175959716598,14.879606686067495,62.233228658734056
22.790159999975003,-153.7034182199623,14.916720633602662,62.54996074700385
22.85067999997409,-154.16968144774634,14.944557244145784,62.78751962643382
22.911189999984344,-154.635867632783,14.97238925512191,63.02503925295331
22.991849999991246,-155.25729512711294,15.009489403942702,63.34165358237746
23.052399999985937,-155.72378948336336,15.0373398132002,63.57933022065308
23.133019999979297,-156.34490880625532,15.074421563726235,63.89578753820686
23.213679999986198,-156.96633630058525,15.111521712547026,64.21240186763102
23.294369999988703,-157.58799492338153,15.14863566008219,64.5291339559008
23.354859999992186,-158.05402702269924,15.176458471910939,64.76657507648513
23.435539999976754,-158.67560860252394,15.213567819865723,65.0832679117302
23.51622999997926,-159.2972672253202,15.250681767400888,65.4
23.596859999990556,-159.8470418807051,15.276861512824542,65.3686429307518
23.657409999985248,-160.2599013049389,15.296521485353887,65.34509498901119
23.73806999999215,-160.80988051492184,15.322710971472661,65.31372625274155
23.818719999981113,-161.35979153990647,15.348897210686761,65.2823614054866
23.899409999983618,-161.90997530448746,15.375096437500655,65.2509810021955
23.98006999999052,-162.4599545144704,15.401285923619428,65.21961226592586
24.04061999998521,-162.8728139387042,15.420945896148774,65.19606432418524
24.12123999997857,-163.42252040909077,15.447122394667755,65.16471114395173
24.181759999977658,-163.8351752787265,15.466772626501982,65.14117486923257
24.26241999998456,-164.38515448870945,15.492962112620754,65.10980613296293
24.32296999997925,-164.79801391294325,15.5126220851501,65.08625819122231
24.403619999997318,-165.3479249381263,15.538808324373651,65.05489334395604
24.484279999975115,-165.89790414791082,15.564997810482975,65.02352460769772
24.544769999978598,-166.31035446294848,15.58463830162208,65.0
24.625489999976708,-166.89509834695264,15.603201599748902,64.95831052256625
24.706139999994775,-167.47933514398687,15.621748799876485,64.91665719803872
24.766659999993863,-167.9177481749609,15.635666674042051,64.88540041936785
24.847320000000764,-168.5020574129306,15.654216173881899,64.84374193014372
24.92797999997856,-169.08636665068948,15.672765673715054,64.80208344093462
24.98851999998442,-169.52492456374532,15.686688147311843,64.77081633285556
25.06917999999132,-170.109233801715,15.70523764715169,64.72915784363143
25.14983999999822,-170.6935430396847,15.723787146991539,64.6874993544073
25.230530000000726,-171.2780696006716,15.742343545974874,64.64582537107835
25.291039999981876,-171.7164101904994,15.756259120421483,64.61457375711912
25.371669999993173,-172.30050210545187,15.774801721117845,64.57293076199979
25.45235999999568,-172.88502866643879,15.793358120101178,64.53125677867085
25.512879999994766,-173.32344169741285,15.807275994266746,64.5
25.59352999998373,-173.90823927948603,15.746177739330713,64.58624913715641
25.674219999986235,-174.49332690385563,15.685049181468147,64.67254105133271
25.815399999992223,-175.51703084250278,15.578095038462378,64.82352249195175
25.89608999999473,-176.10211846687235,15.51696648059981,64.90981440612805
25.976739999983693,-176.68691604894556,15.455868225663778,64.99606354328446
26.037229999987176,-177.1255323632231,15.410042640520578,65.06075306972718
26.11791999998968,-177.7106199875927,15.348914082658009,65.1470449839035
26.178429999999935,-178.14938132301845,15.30307334605154,65.21175589885617
26.259089999977732,-178.73425141556024,15.241967515394899,65.29801573025199
26.400299999979325,-179.75817288582417,15.134990645205253,65.44902925362038
26.480919999972684,-180.34275293628056,15.0739151174531,65.53524630802742
26.54146999999648,-180.78180431400273,15.028044077920095,65.6
26.622129999974277,-181.27436885918624,14.91437533676532,65.71912945318684
26.682649999973364,-181.6439449350883,14.829088550049761,65.80851346643682
26.763299999991432,-182.1364484137504,14.715433901169153,65.9276281503485
26.843989999993937,-182.6291961593868,14.601722882986802,66.04680191157576
26.90447999999742,-182.9985890350137,14.516478373257804,66.13614161682831
26.985169999999925,-183.4913367806501,14.402767355075456,66.25531537805557
27.06581999998889,-183.98384025913447,14.289112706235862,66.37443006192427
27.126309999992372,-184.3532331347614,14.203868196506864,66.46376976717681
27.207029999990482,-184.84616408067296,14.090114901337953,66.58298783640151
27.287659999972675,-185.3385454255813,13.976488437169738,66.70207298159092
27.348199999978533,-185.7082436350594,13.891173465782803,66.79148653352019
27.428859999985434,-186.20080818042064,13.777504724587013,66.91061598675002
27.48937999998452,-186.5703842563227,13.692217937871455,67.0
27.570039999991423,-186.91286132001602,13.461045919641219,67.03076541656195
27.630549999972573,-187.16978280669903,13.287623915952189,67.05384520028899
27.711239999975078,-187.5123872484038,13.05636591756413,67.08462205947878
27.79189999998198,-187.8548643120971,12.825193899333893,67.11538747604072
27.933069999999134,-188.45426286259698,12.420599877331215,67.16923267634083
28.01372999997693,-188.7967399261667,12.189427859184391,67.19999809289166
28.074259999993956,-189.0537463316888,12.01594853527893,67.22308550505207
28.15488999997615,-189.39609601724706,11.78486249728993,67.25383947897508
28.235539999994216,-189.7385306216444,11.5537191390845,67.28460108133145
28.31622999999672,-190.08113506334917,11.322461140696438,67.31537794052123
28.37674999999581,-190.33809900945172,11.149010476899193,67.33846153846495
28.457439999998314,-190.6807034511565,10.917752478511133,67.36923839765474
28.538089999987278,-191.02313805543025,10.686609120389113,67.4
28.59863999998197,-191.2180909208264,10.456843243618978,67.29367097761354
28.67929999998887,-191.47779196336276,10.150767015320227,67.15202772497642
28.759959999995772,-191.73749300589915,9.844690787021475,67.01038447233931
28.84061999997357,-191.9971940483418,9.538614558833162,66.8687412197533
28.901129999983823,-192.192018125768,9.309000467884596,66.76248243946826
28.981819999986328,-192.45181575930528,9.00281040019206,66.6207865052423
29.122959999978775,-192.90624428817318,8.467233920448965,66.3729371539601
29.20364999998128,-193.16604192171047,8.161043852756428,66.23124121973413
29.28430999998818,-193.42574296424684,7.854967624457676,66.089597967097
29.344859999982873,-193.62069582964298,7.625201747687543,65.98326894471056
29.425479999976233,-193.88026808411567,7.319277305320798,65.84169593422597
29.506169999978738,-194.14006571765296,7.01308723762826,65.7
29.566689999977825,-194.21715269630798,6.666195833589445,65.6018975151147
29.647349999984726,-194.31989287639618,6.2038650230708265,65.47114823501482
29.72803999998723,-194.42267126879472,5.741362257155704,65.34035032513776
29.788549999997485,-194.4997455100253,5.394528171526784,65.24226405016246
29.869209999975283,-194.60248569007643,4.9321973611749845,65.11151477010976
29.949869999982184,-194.70522587016467,4.469866550656366,64.98076549000989
30.01044999997248,-194.78238927344032,4.122631235824542,64.8825657455702
30.091069999994943,-194.88507850379378,3.660529699112324,64.75188130515753
30.17172999997274,-194.98781868384492,3.198198888760525,64.62113202510481
30.252419999975245,-195.09059707624345,2.735696122845403,64.49033411522775
30.393559999996796,-195.27037328525194,1.9267031820943687,64.26154718992977
30.4742499999993,-195.37315167765047,1.4642004161792466,64.1307492800527
30.5549099999771,-195.4758918577016,1.0018696058274474,64.0
30.635599999979604,-195.65218310901577,0.6307301294321074,63.9083143955036
30.696109999989858,-195.78438516154392,0.35241001888816914,63.839558714144765
30.77676999999676,-195.9606108689646,-0.018591470363038543,63.747907197735266
30.857429999974556,-196.13683657632168,-0.3895929594803811,63.656255681358836
30.91797999999835,-196.26912602075018,-0.668097052972406,63.58745454919542
30.99859999999171,-196.44526433627053,-1.038914559275527,63.4958484835905
31.139809999993304,-196.75377948805613,-1.6884201418848943,63.335395835050655
31.220470000000205,-196.9300051954768,-2.059421631136102,63.24374431864116
31.301159999973606,-197.10629644672738,-2.430561107397577,63.152058714177834
31.44232999999076,-197.4147242066762,-3.079882707192723,62.9916515164095
31.522989999997662,-197.59094991409688,-3.4508841964439307,62.9
31.583539999992354,-197.76789138755348,-3.772000203897119,62.86467774396714
31.664159999985714,-198.0034821652603,-4.19955383760502,62.81764751636378
31.74484999998822,-198.23927749961055,-4.627478703740014,62.770576453777
31.80539999998291,-198.41621897306715,-4.948594711193202,62.73525419774415
31.886029999994207,-198.6518389732002,-5.376201378193172,62.68821813656202
32.02722999997786,-199.0644588914722,-6.125030118921773,62.60584815222347
32.107889999984764,-199.30016655871387,-6.552795885489255,62.55879459033902
32.188549999991665,-199.53587422595552,-6.980561652056737,62.511741028454566
32.249059999972815,-199.71269880987728,-7.301465526650344,62.4764421067028
32.32974999997532,-199.94849414422754,-7.729390392785338,62.42937104411602
32.41040999998222,-200.1842018114692,-8.15715615935282,62.38231748223157
32.47088999999687,-200.3609387283674,-8.477900934533263,62.34703606116515
32.551519999979064,-200.59655872841537,-8.905507601378885,62.3
32.63226999997278,-200.55013467449766,-9.397602574226042,62.333362943372954
32.712899999984074,-200.50377960987598,-9.88896626053334,62.36667630714692
32.77341999998316,-200.4689860031481,-10.257778492837728,62.39168095523432
32.85409999999683,-200.42260219298083,-10.749446881929087,62.42501497717854
32.93475999997463,-200.37622988105187,-11.24099338969399,62.45834073584023
32.99527999997372,-200.341436274324,-11.609805621998378,62.483345383927634
33.07596999997622,-200.2950467150543,-12.101534951575605,62.516683537501095
33.13647999998648,-200.26025885742885,-12.470286243394124,62.541684053959266
33.21713999999338,-200.21388654548315,-12.961832751336388,62.57500981263298
33.35834999999497,-200.13270337948558,-13.822374313218003,62.63335261429384
33.43896999998833,-200.08635406398307,-14.313677058862073,62.66666184642654
33.519659999990836,-200.03996450471337,-14.8054063884393,62.7
33.58017999998992,-200.0923620663206,-15.087043282822757,62.70588372545204
33.660839999996824,-200.16219662216434,-15.462404021475365,62.713725452071486
33.74148999998579,-200.2320225201007,-15.837718223875566,62.721566206493975
33.80203999998048,-200.28444605537976,-16.11949472674537,62.72745284853123
33.882669999991776,-200.35425463755172,-16.49471585691163,62.73529165856546
34.02390000000014,-200.4765300444641,-17.151946170803416,62.74902197161325
34.10455999997794,-200.5463646002827,-17.527306909320586,62.75686369822987
34.16504999998142,-200.59873618821808,-17.808804195217697,62.762744507096684
34.24570999998832,-200.66857074406187,-18.184164933870306,62.77058623371613
34.386939999996684,-200.79084615097426,-18.841395247762094,62.78431654676393
34.46756999997888,-200.860654733121,-19.216616377792917,62.79215535679533
34.54825999998138,-200.9305152626366,-19.59211672493187,62.8
34.60873999999603,-201.07967478740719,-19.87623010528385,62.7617162690995
34.68939999997383,-201.27860347890467,-20.255141898394488,62.71065863462801
34.77005999998073,-201.47753217047398,-20.634053691641846,62.659601000138096
34.830569999990985,-201.6267656830932,-20.918308001229267,62.62129827929451
34.911289999989094,-201.82584235035978,-21.297501652947513,62.5702026649184
34.99192000000039,-202.02469705408043,-21.67627251695943,62.519164020371576
35.05240999997477,-202.17388124137153,-21.96043287354093,62.48087395951462
35.133099999977276,-202.37288392078946,-22.33948559602373,62.4297973350816
35.19360999998753,-202.52211743340868,-22.623739905611153,62.39149461423801
35.274299999990035,-202.7211201128266,-23.002792628093957,62.340417989805005
35.35493000000133,-202.91997481654727,-23.381563492105872,62.28937934525818
35.415469999978086,-203.06928231694337,-23.665958730792017,62.25105763448992
35.49612999998499,-203.26821100851265,-24.044870524039375,62.2
35.55667999997968,-203.34029336970758,-24.372517620464578,62.18822671592548
35.637309999990975,-203.43628017044202,-24.808821260279306,62.172549095857036
35.71799999999348,-203.5323383987741,-25.245449570992577,62.15685980944769
35.77850999997463,-203.60437314154748,-25.572880220047097,62.145094302937544
35.85913999998593,-203.70035994228195,-26.009183859861825,62.12941668286909
35.919659999985015,-203.77240658967804,-26.336668620837756,62.11764923196502
36.00030999997398,-203.86841719958858,-26.77308048418034,62.10196772312004
36.08103000000119,-203.96451114175417,-27.209871130500368,62.086272603534596
36.161659999983385,-204.06049794245396,-27.64617477015761,62.07059498347181
36.22220999997808,-204.1325803036489,-27.973821866582814,62.058821699397285
36.302859999996144,-204.2285909135941,-28.410233730082886,62.04314019054665
36.44406999999774,-204.39669578932228,-29.17434680177209,62.01568345323324
36.524729999975534,-204.4927183038209,-29.6108127768786,62.0
36.605389999982435,-204.47416880424467,-30.09309976691536,62.0
36.746589999995194,-204.44169683126947,-30.93737106611592,62.0
36.82724999997299,-204.42314733169994,-31.419658055978655,62.0
36.90790999997989,-204.40459783212367,-31.901945046015413,62.0
36.98855999999796,-204.38605063225967,-32.38417224353401,62.0
37.04907999999705,-204.37213275829188,-32.746036967487484,62.0
37.129739999974845,-204.35358325872232,-33.22832395735023,62.0
37.210459999972954,-204.3350199608593,-33.710969702843954,62.0
37.351599999994505,-204.30256178617088,-34.55488224658754,62.0
37.432260000001406,-204.28401228659465,-35.0371692366243,62.0
37.4928399999917,-204.2700806143401,-35.39939271603475,62.0
37.57342999998946,-204.35730144465455,-35.81805270134579,61.96865909621324
37.65411999999196,-204.4446305028316,-36.237232180397015,61.93727930310364
37.71463999999105,-204.51013000215778,-36.551629777013815,61.9137434860395
37.775119999976596,-204.57558621032632,-36.86581957607407,61.890223224709025
37.8558099999791,-204.66291526850338,-37.28499905512529,61.858843431599425
37.936469999986,-204.75021185832793,-37.7040226860847,61.82747530528441
37.99698999998509,-204.81571135765412,-38.0184202827015,61.80393948822027
38.15832999997656,-204.99032618285057,-38.85657144324739,61.74119545773473
38.218849999975646,-205.05582568217676,-39.17096903986419,61.7176596406706
38.29950999998255,-205.14312227200134,-39.5899926708236,61.68629151435558
38.38019999998505,-205.23045133017837,-40.00917214987482,61.65491172124599
38.460849999974016,-205.31773709719778,-40.428143831369496,61.62354748387005
38.52139999999781,-205.38326906490795,-40.7426972762293,61.6
38.60205999997561,-205.50138721111125,-41.22425587252734,61.64897290075764
38.743229999992764,-205.70811593298257,-42.06707296980441,61.73468458440132
38.82385999997496,-205.82619014732538,-42.54845245928648,61.78363927059402
38.904579999973066,-205.9443961572923,-43.030369269390214,61.832648600499205
38.98523999997997,-206.06251430353825,-43.51192786586201,61.881621501274516
39.04574999999022,-206.1511248791636,-43.873186366667284,61.918360284142885
39.12640999999712,-206.26924302540954,-44.354744963139076,61.96733318491819
39.20709999999963,-206.38740510351596,-44.836482666426846,62.01632430025844
39.287759999977425,-206.50552324971926,-45.31804126272488,62.06529720101608
39.34826999998768,-206.59413382534464,-45.67929976353015,62.10203598388445
39.428899999998976,-206.71220803973006,-46.16067925318598,62.15099067009482
39.509619999997085,-206.830414049697,-46.642596063289716,62.2
39.59024999997928,-206.87404441378672,-47.035269338857226,62.21567762006279
39.65072999999393,-206.906771245256,-47.32981082115067,62.22743729340816
39.73147999998764,-206.95046654354138,-47.72306850447711,62.24313824615839
39.81210999999894,-206.99409690764685,-48.11574178018636,62.25881586622684
39.872629999998026,-207.02684538383753,-48.41047806497163,62.270583317130914
39.95328999997582,-207.07049198147223,-48.80329744244344,62.28626677036415
40.01382999998168,-207.10325128003146,-49.098131128545475,62.298038110050406
40.094519999984186,-207.1469141112269,-49.49109660806332,62.31372739645975
40.17511999999988,-207.1905282417874,-49.88362378186827,62.32939918335775
40.23565999997663,-207.2232875403309,-50.17845746782858,62.34117052303835
40.316319999983534,-207.26693413798134,-50.57127684544212,62.35685397627724
40.39700999998604,-207.31059696917677,-50.96424232495997,62.372543262686584
40.477639999997336,-207.35422733328224,-51.35691560066922,62.388220882755036
40.53821999998763,-207.38700827656285,-51.651944089263075,62.4
40.61883999998099,-207.57242469065565,-52.004235276329254,62.39167183174323
40.69949999998789,-207.75793310002354,-52.356701254418184,62.38333953142441
40.7801899999904,-207.94351050581423,-52.70929832571059,62.37500413206055
40.840709999989485,-208.08269930985355,-52.97375705360292,62.36875232428415
40.98187999997754,-208.40737352440854,-53.5906380617649,62.35416924920595
41.06253999998444,-208.5928819337764,-53.943104039853836,62.34583694888713
41.12304999999469,-208.73204773903043,-54.20751907005406,62.33958617412474
41.2037399999972,-208.91762514482113,-54.56011614134647,62.33125077476088
41.284399999974994,-209.10313355412208,-54.91258211930822,62.32291847444507
41.3650899999775,-209.28871095991275,-55.26517919060063,62.3145830750812
41.425539999996545,-209.42773877232116,-55.5293320343939,62.3083384984089
41.506259999994654,-209.61338517453467,-55.88206019888979,62.3
41.586920000001555,-209.5534516885161,-56.35296616192434,62.33076541656194
41.647409999975935,-209.5085052892176,-56.706116443221866,62.353837571866734
41.728069999982836,-209.44857180319903,-57.17702240625642,62.384602988428675
41.808809999987716,-209.38857887410134,-57.64839542205675,62.41539891866856
41.88943999999901,-209.32866767923474,-58.11912624032537,62.44615289260266
41.9499599999981,-209.28369898876264,-58.47245166655874,62.46923649054639
42.030650000000605,-209.2237432115921,-58.94353277435922,62.50001334973618
42.111269999993965,-209.1638394471239,-59.41420521092593,62.53076350945361
42.19195999999647,-209.10388366995338,-59.88528631872641,62.561540368643385
42.25247999999556,-209.05891497948127,-60.23861174495977,62.58462396658712
42.333139999973355,-208.99898149348434,-60.70951770782441,62.61538938313796
42.41386000000057,-208.9390034251402,-61.18077396056073,62.64617768496669
42.47430999999051,-208.89408674737044,-61.53369071556032,62.66923458343806
42.55496999999741,-208.83415326135187,-62.00459667859487,62.7
42.61554999998771,-208.96932027281508,-62.28915880817203,62.54662320402218
42.696169999981066,-209.1492008351296,-62.66785472907491,62.342509019593415
42.77679999999236,-209.32910370963526,-63.0465976230118,62.138369517061136
42.837349999987055,-209.46420378465493,-63.33101883376034,61.985068675246495
42.99865999998292,-209.82412109436217,-64.08873948625735,61.576663079959076
43.05920999997761,-209.95922116938183,-64.37316069700589,61.42336223814444
43.13983999998891,-210.1391240438875,-64.75190359094277,61.219222735612156
43.22055999998702,-210.3192277277238,-65.13106924136552,61.01485537059032
43.30124999998952,-210.49926447511655,-65.51009397295965,60.81056395973166
43.36172999997507,-210.634208365058,-65.79418637301694,60.65744034434692
43.442419999977574,-210.81424511245072,-66.17321110461107,60.45314893348826
43.50290999998106,-210.9492113145833,-66.45735047770238,60.3
43.66421999997692,-211.13091475901277,-67.3113566661594,60.28367720718475
43.74490999997943,-211.22180590607027,-67.73854505714881,60.2755122691627
43.805429999978514,-211.28997708242008,-68.05894958585729,60.26938831267402
43.886089999985415,-211.3808344367646,-68.48597915109566,60.26122641032063
43.96673999997438,-211.47168052684955,-68.91295577431431,60.253065519858765
44.047429999976885,-211.56257167390706,-69.34014416530373,60.24490058183672
44.128089999983786,-211.65342902825157,-69.76717373054211,60.23673867948333
44.18860999998287,-211.72160020460137,-70.08757825925058,60.23061472299465
44.26926000000094,-211.81244629471914,-70.5145548826233,60.222453832529844
44.34994999997434,-211.90333744174384,-70.94174327345864,60.21428889451074
44.41046999997343,-211.97150861809365,-71.26214780216712,60.20816493802205
44.491159999975935,-212.06239976515116,-71.68933619315654,60.2
44.63232999999309,-212.14032041789065,-72.12569184734616,60.2
44.71295999997528,-212.18482521514386,-72.37491871130638,60.2
44.77350999999908,-212.21824659025657,-72.56207841144348,60.2
44.85412999999244,-212.26274586788338,-72.81127436549602,60.2
44.93481999999494,-212.3072837829431,-73.06068668917226,60.2
44.99533999999403,-212.3406885991445,-73.24775365940637,60.2
45.07600000000093,-212.385209955309,-73.49707325326958,60.2
45.156649999989895,-212.42972579183106,-73.74636193713513,60.2
45.21716999998898,-212.46313060803246,-73.93342890736925,60.2
45.297829999995884,-212.50765196419695,-74.18274850123247,60.2
45.358379999990575,-212.54107333929358,-74.3699082012796,60.2
45.438999999983935,-212.5855726169204,-74.61910415533212,60.2
45.499549999978626,-212.618993992017,-74.80626385537927,60.2
45.58020999998553,-212.6874854859963,-75.20008994673341,60.21538182823829
45.64069000000018,-212.73884136941453,-75.49538627711812,60.226915338925096
45.72137999997358,-212.80735833751388,-75.88935884466302,60.242302888144444
45.802069999976084,-212.87587530563792,-76.28333141235002,60.25769043736934
45.86258999997517,-212.92726515457431,-76.57882304446451,60.26923157603643
45.943209999997634,-212.99572268303544,-76.97245383408888,60.284605776294434
46.02390000000014,-213.06423965115948,-77.36642640177588,60.29999332551933
46.10455999997794,-213.13273114511404,-77.76025249298793,60.31537515375207
46.165079999977024,-213.18412099405043,-78.05574412510241,60.32691629241916
46.24572999999509,-213.25260399665635,-78.44952139105963,60.34229621366377
46.3264199999976,-213.3211209647804,-78.84349395874665,60.35768376288866
46.407079999975394,-213.38961245873497,-79.23732004995868,60.3730655911214
46.46759999997448,-213.44100230767134,-79.53281168207317,60.3846067297885
46.54831999997259,-213.50954474994018,-79.92693072609303,60.4
46.628939999995055,-213.57311721789992,-80.46275581229732,60.3673665995316
46.70959999997285,-213.63672122760957,-80.99884675039328,60.334717007863
46.77012000000104,-213.68444394854288,-81.40108111188117,60.31021969458196
46.93145999999251,-213.81166773888305,-82.47339591440584,60.24491241562109
46.992009999987204,-213.85941411612882,-82.8758296648125,60.22040295893989
47.072669999994105,-213.9230181258614,-83.4119206031019,60.18775336725951
47.1532999999763,-213.98659847923568,-83.94781215208567,60.15511591900284
47.23401999997441,-214.05024980163907,-84.4843018685995,60.122442040498576
47.29452999998466,-214.09796463711194,-84.88646976692102,60.09794877502938
47.37515999999596,-214.16154499050919,-85.42236131609823,60.06531132676093
47.45584999999846,-214.22517265657717,-85.95865164349985,60.03264959166861
47.53650999997626,-214.28877666628682,-86.49474258159583,60.0
47.597019999986514,-214.32430658071178,-86.81451181222828,59.961699299512695
47.677679999993416,-214.3716680564559,-87.24076509500216,59.91064435816339
47.73822999998811,-214.40722145784207,-87.56074570828618,59.87231833909365
47.87939999997616,-214.49011284799406,-88.30676822153872,59.782962697275465
47.960029999987455,-214.53745670851296,-88.73286296728548,59.73192674486759
48.040749999985565,-214.58485341470745,-89.15943332411364,59.68083382563542
48.10124999997788,-214.6203774573793,-89.47914970896784,59.64253945480754
48.262559999973746,-214.7150945371144,-90.3316034287374,59.540435901768355
48.34328000000096,-214.76249124332597,-90.75817378571935,59.489342982517755
48.42390999998315,-214.80983510382782,-91.18426853131231,59.43830703012831
48.48442999998224,-214.8453708899888,-91.5040906075692,59.4
48.56508000000031,-214.8111290621911,-91.8293879723773,59.39230996605347
48.64576999997371,-214.77687025148475,-92.1548466748179,59.384616118083194
48.72642999998061,-214.7426241779599,-92.48018437403412,59.376925130630724
48.7869499999797,-214.71692900848907,-92.72428848455465,59.37115450627446
48.86766999997781,-214.68265746057654,-93.04986819045438,59.36345779778083
48.94829000000027,-214.64842836997266,-93.37504455192074,59.355770624354875
49.02894999997807,-214.61418229646014,-93.70038225101958,59.34807963690518
49.08949999997276,-214.5884743897955,-93.94460736488185,59.34230615202834
49.170129999984056,-214.55424105346447,-94.26982406075632,59.33461802509645
49.25080999999773,-214.51998648847294,-94.59524242890619,59.326925130629334
49.31135999999242,-214.49427858180826,-94.83946754276845,59.321151645752494
49.39201999999932,-214.4600325082834,-95.16480524198468,59.31346065830002
49.47264999998151,-214.42579917196474,-95.49002193774177,59.305772531370906
49.53318999998737,-214.40009551102725,-95.73420671719592,59.3
49.61384999999427,-214.23313966724706,-96.13304567776218,59.3
49.69451000000117,-214.06618382346687,-96.53188463832846,59.3
49.75508999999147,-213.940791001576,-96.83143415760898,59.3
49.83570999998483,-213.7739179526881,-97.2300753303768,59.3
49.91636999999173,-213.6069621089079,-97.62891429094309,59.3
49.97688999999082,-213.48169347929522,-97.92816712866986,59.3
50.05754999999772,-213.31473763551503,-98.32700608923612,59.3
50.11805999997887,-213.18948970465553,-98.62620947994132,59.3
50.19871999998577,-213.02253386087534,-99.0250484405076,59.3
50.27937999999267,-212.85557801709516,-99.42388740107387,59.3
50.360069999995176,-212.68856007717588,-99.82287470241701,59.3
50.42054999998072,-212.56337424245547,-100.12192975234535,59.3
50.50123999998323,-212.3963563025362,-100.52091705368849,59.3
50.58189999999013,-212.27414226483685,-100.83518172152657,59.32352586601027
50.66261999998824,-212.15183731663433,-101.14968015922959,59.347069232042294
50.743249999999534,-212.02966873418657,-101.4638279421352,59.3705863480417
50.8238999999885,-211.90746984826714,-101.77805364825353,59.394109297376026
50.88438999999198,-211.8158168958716,-102.01373266830056,59.41175223854788
50.96510999999009,-211.69351194766907,-102.32823110600359,59.43529560457989
51.04576999999699,-211.5712979099697,-102.64249577384166,59.45882147059017
51.10627999997814,-211.47961465410248,-102.87825271710142,59.47647024509695
51.14662999997381,-211.4184773317591,-103.03546297428987,59.48823901144125
51.22727999999188,-211.2962784457956,-103.3496886805216,59.511761960784064
51.307969999994384,-211.17401895284465,-103.66407023329214,59.535296576805216
51.36848999999347,-211.0823205451975,-103.89986613827163,59.55294826798794
51.44917999999598,-210.96006105224654,-104.21424769104219,59.57648288400908
51.52980999997817,-210.8378924698429,-104.52839547383441,59.6
51.61048999999184,-210.25048933704633,-104.65156064682711,59.548934554192996
51.67100999999093,-209.8098641809942,-104.74394979244117,59.51062914046383
51.75166999999783,-209.222606661319,-104.86708443365036,59.45957635342308
51.83232999997563,-208.6353491418557,-104.99021907481513,59.40852356640076
51.892869999981485,-208.1945783726822,-105.0826387522127,59.37020549390533
51.97349999999278,-207.60753927258307,-105.20572759576885,59.31917169500476
52.05418999999529,-207.0200633333318,-105.32890803463108,59.26809991982384
52.11473999998998,-206.57921975770356,-105.42134297789819,59.229775517954494
52.19535999998334,-205.99225346427107,-105.54441655554038,59.178748048446266
52.255879999982426,-205.5516283082189,-105.63680570115444,59.1404426347171
52.33656999998493,-204.96415236896763,-105.75998614001668,59.089370859536174
52.47776999999769,-203.93612408011893,-105.97554045862344,59.0
52.55836999998428,-203.3714572724114,-106.08676270882539,58.946200570233465
52.61891999997897,-202.94725658743144,-106.17031738934969,58.905784249233214
52.69956999999704,-202.38223948992035,-106.28160863602822,58.85195144510958
52.86091999997734,-201.25185500570635,-106.50426012574137,58.74425246256348
52.92143999997643,-200.8278644944454,-106.58777340841185,58.70385616616195
53.00212999997893,-200.26256716537694,-106.69911985221542,58.64999666257983
53.0827500000014,-199.6977602415849,-106.81036970104013,58.59618388305491
53.1634399999748,-199.1324629127203,-106.92171614480354,58.54232437949222
53.22392999997828,-198.7086825751784,-107.0051880296202,58.50194810768941
53.30461999998079,-198.14338524610991,-107.11653447342377,58.448088604107284
53.385269999998854,-197.57836814859883,-107.22782572010229,58.39425579998365
53.44578999999794,-197.15437763733792,-107.31133900277277,58.353859503582115
53.52648000000045,-196.58908030826944,-107.42268544657634,58.3
53.586999999999534,-196.2408369506019,-107.32318734421247,58.20423444521784
53.6676499999885,-195.77676182184334,-107.19059445005072,58.07661560859787
53.7483099999954,-195.31262915111807,-107.05798511532704,57.948980948163204
53.88951999999699,-194.50008049716018,-106.82582835664938,57.725533261594386
53.97013999999035,-194.03617799396673,-106.69328478407776,57.59796189632641
54.050889999984065,-193.5715274465462,-106.56052748458374,57.47018482183577
54.11137999998755,-193.22345671444376,-106.46107870380999,57.37446673840561
54.19203999999445,-192.7593240437185,-106.3284693690863,57.246832077970936
54.25258000000031,-192.41096560228507,-106.22893838564642,57.15103487560543
54.333239999978105,-191.9468329317273,-106.09632905097058,57.023400215216824
54.47441999998409,-191.1344569033345,-105.86422161388303,56.8
54.55503999997745,-190.55860192823584,-106.00382282010281,56.72162085962995
54.61559000000125,-190.12610355613464,-106.10867091041075,56.662753866927616
54.696249999979045,-189.54996286793696,-106.2483413804122,56.58433583838596
54.77693999998155,-188.97360789465515,-106.38806379831287,56.50588864368022
54.837449999991804,-188.54139523586085,-106.49284262478876,56.4470605391778
54.918109999998705,-187.9652545474553,-106.63251309484059,56.36864251060785
54.9987699999765,-187.38911385925758,-106.77218356484202,56.290224482066186
55.0593200000003,-186.9566154871564,-106.87703165514996,56.23135748936385
55.13993999999366,-186.38076051205775,-107.01663286136976,56.152978348993805
55.22065999999177,-185.80419125389966,-107.15640722711926,56.07450198815229
55.30128999997396,-185.22826485057823,-107.29602574927186,55.99611312574642
55.36180999997305,-184.79598076356118,-107.40082189168056,55.93727529920816
55.442459999991115,-184.21991150337837,-107.54047504579958,55.85886699267404
55.58366999999271,-183.55172150476807,-107.61040585813525,55.839208633097236
55.6642999999749,-183.31611753927876,-107.57550156706188,55.878402683254215
55.74500999998418,-183.08027981062904,-107.54056264440929,55.91763562123303
55.805529999983264,-182.90343803964618,-107.51436386360568,55.94705424849321
55.886189999990165,-182.6677464129292,-107.4794465856838,55.98626288159045
55.94670999998925,-182.49090464194634,-107.45324780488019,56.01568150885063
56.027359999978216,-182.25524223566694,-107.41833485591201,56.05488528096307
56.10801999998512,-182.01955060894994,-107.38341757799013,56.09409391406031
56.168539999984205,-181.84270883796708,-107.35721879718652,56.12351254132049
56.24922999998671,-181.60692955010748,-107.32228853242873,56.162735757343846
56.309739999996964,-181.43011699947715,-107.29609408056622,56.19214952363337
56.39039999997476,-181.1944253728452,-107.26117680265695,56.23135815671646
56.47105999998166,-180.95873374612822,-107.22625952473507,56.2705667898137
56.61225999999442,-180.59631890315657,-107.21859629812745,56.25834366347595
56.672749999997905,-180.45719909534233,-107.23250827886933,56.227100119819156
56.75344000000041,-180.27162168928794,-107.25106601942203,56.18542312299985
56.813979999977164,-180.13238688748012,-107.26498949956323,56.154153753977745
56.89460999998846,-179.94694747427155,-107.28353344083138,56.11250774760884
56.975299999990966,-179.76137006821713,-107.30209118138407,56.07083075078953
57.03578999999445,-179.62225026040292,-107.31600316212595,56.03958720713274
57.11643999998341,-179.4367648496237,-107.33455170315116,55.997930870623726
57.19712999998592,-179.25118744356928,-107.35310944370386,55.95625387380442
57.27778999999282,-179.06567903393778,-107.37166028461428,55.914592372210315
57.33833999998751,-178.92642123327772,-107.3855860646407,55.88331783810312
57.41896999999881,-178.74098182006915,-107.40413000590887,55.84167183173422
57.56016999998246,-178.11003947801794,-107.44888473679588,55.84118687899709
57.64085999998497,-177.51621342936247,-107.48381568074683,55.8961004491628
57.721489999996265,-176.9228289417145,-107.51872065052095,55.950973186341436
57.78205999999773,-176.47707303928777,-107.54494158589206,55.99219409283436
57.862719999975525,-175.88346777135024,-107.57985954274199,56.047087246486726
58.00389999998151,-174.84447456834945,-107.64097678982407,56.143167279155996
58.08452999999281,-174.2510900807015,-107.67588175959817,56.19804001633463
58.1450499999919,-173.80570214585242,-107.7020810498177,56.239226895331726
58.2257099999988,-173.21209687770073,-107.73699900668025,56.2941200490039
58.306369999976596,-172.6184916097632,-107.77191696353017,56.349013202656266
58.3870599999791,-172.02466556110772,-107.80684790748114,56.403926772821976
58.447569999989355,-171.5793512196885,-107.8330428686754,56.445106846327825
58.528229999996256,-170.98574595153679,-107.86796082553793,56.5
58.60891999999876,-170.0115350163535,-107.86796082553793,56.616687153324534
58.66942999997991,-169.28096736648675,-107.86796082553793,56.70419167241301
58.75008999998681,-168.30711863633223,-107.86796082553793,56.820835442244096
58.830749999993714,-167.33326990617772,-107.86796082553793,56.937479212075175
58.91146999999182,-166.35869676596565,-107.86796082553793,57.054209748893165
58.97198999999091,-165.62800838085505,-107.86796082553793,57.14172872917418
59.05260999998427,-164.65464259097317,-107.86796082553793,57.25831465431927
59.13326999999117,-163.68079386081865,-107.86796082553793,57.37495842415036
59.21398999998928,-162.70622072060658,-107.86796082553793,57.49168896096834
59.274479999992764,-161.97589454052476,-107.86796082553793,57.5791645577559
59.35512999998173,-161.0021665456141,-107.86796082553793,57.695793866394446
59.43581999998423,-160.0279556104308,-107.86796082553793,57.81248101971898
59.49633999998332,-159.2972672253202,-107.86796082553793,57.9
59.57699999999022,-158.54386078960155,-107.85939938879052,57.91538182823829
59.657689999992726,-157.7901741382896,-107.85083476777501,57.930769377463186
59.73833999998169,-157.03686110794993,-107.84227439245237,57.946149298702245
59.79885999998078,-156.47157276818916,-107.83585066133531,57.95769043736934
59.87954999998328,-155.71788611687717,-107.82728604031982,57.973077986594234
59.96017999999458,-154.96475989675184,-107.8187277878405,57.98845409384592
60.02068999997573,-154.39956496237008,-107.81230511814822,57.99999332551378
60.10140999997384,-153.64559809546475,-107.80373731286461,58.01538659572528
60.182039999985136,-152.89247187533942,-107.7951790603853,58.030762702976965
60.24254999999539,-152.3272769406858,-107.78875639068993,58.042301934650375
60.32320999997319,-151.573870505239,-107.7801949539456,58.057683762883116
60.40389999997569,-150.82018385392703,-107.77163033293009,58.07307131210801
60.46444999999949,-150.25461529830108,-107.76520341754185,58.08461817176726
60.545109999977285,-149.50120886285427,-107.75664198079754,58.1
60.62575999999535,-147.9431796962466,-107.88647774461562,58.16664807298468
60.70641999997315,-146.38495734639133,-108.01632960703765,58.2333044098013
60.766969999996945,-145.21522807107783,-108.11380704659764,58.28334211370588
60.84759999997914,-143.65758527321435,-108.24361061302038,58.34997365893048
60.92831999997725,-142.0982038188132,-108.37355906748786,58.416679578955176
61.008969999995315,-140.54017465220556,-108.50339483130593,58.48332765193986
61.06951999999001,-139.3704453774543,-108.60087227081907,58.533365355820386
61.150119999976596,-137.8133821315826,-108.73062754124251,58.59997210945297
61.21068999997806,-136.6432664886494,-108.82813717810413,58.65002634106952
61.291319999989355,-135.08562369022368,-108.95794074457372,58.716657886318174
61.35183999998844,-133.91647396746424,-109.05536988808757,58.76667079860668
61.43249999999534,-132.3582516170467,-109.18522175055645,58.833327135447355
61.51317999997991,-130.79964289900948,-109.31510581032697,58.9
61.573699999979,-130.34998171972072,-109.51424147550317,58.92308227733418
61.6543599999859,-129.75068114594208,-109.77964601540285,58.95384593381077
61.7350199999928,-129.15138057216345,-110.04505055530252,58.98460959028735
61.815709999995306,-128.55185709961742,-110.3105538075135,59.01538468873714
61.89635999998427,-127.9526308255721,-110.57592544324557,59.046144531215255
61.95687999998336,-127.50296964628332,-110.77506110842177,59.069226808549445
62.03756999998586,-126.90344617373731,-111.04056436063274,59.10000190699923
62.11819999999716,-126.30436849872606,-111.30587018822112,59.130754121502605
62.19887999998173,-125.70491932591334,-111.57134053626449,59.16152540595393
62.259399999980815,-125.25525814662456,-111.77047620144069,59.184607683288114
62.34014999997453,-124.65528887654378,-112.03617687827426,59.21540566568432
62.42074999999022,-124.05643410029992,-112.30138399355134,59.24614643821449
62.501399999979185,-123.45720782625457,-112.5667556292834,59.2769062806926
62.561949999973876,-123.00732374819842,-112.7659900067709,59.3
62.72326999998768,-121.56041794054049,-112.98859090021618,59.133360879255456
62.78377999999793,-121.01769372513802,-113.07208693333982,59.07085571438378
62.86447000000044,-120.29397174637808,-113.18342877620567,58.98750516484161
62.945129999978235,-119.57051884281015,-113.29472922288815,58.904185604499396
63.00567999997293,-119.02743586092005,-113.37828045085602,58.84163912074454
63.08629999999539,-118.3043417235787,-113.48952570273441,58.758360879255456
63.16695999997319,-117.58088882001078,-113.60082614941689,58.67504131891325
63.22750999999698,-117.03780583785965,-113.68437737742492,58.612494835128324
63.30816999997478,-116.31435293429172,-113.7956778241074,58.52917527478612
63.368679999985034,-115.77162871888925,-113.87917385723104,58.466670109914446
63.44930999999633,-115.04844488999126,-113.99043290781046,58.38338153871208
63.53002999999444,-114.32445383630034,-114.10181614681953,58.3
63.59054999999353,-113.72594816104458,-114.15749109342394,58.36251743195015
63.67116999998689,-112.92866581577242,-114.23165689307606,58.44579825421523
63.75185999998939,-112.13069121334985,-114.30588708874225,58.529151386804294
63.8325499999919,-111.33271661092728,-114.38011728440844,58.61250451939337
63.89309999998659,-110.73391425411788,-114.43581982929696,58.67505294147379
64.05440999998245,-109.13865730642314,-114.58421582461526,58.841686896327936
64.13506999998935,-108.34097938555422,-114.65841842199735,58.92500903878674
64.27624999999534,-106.94479578942955,-114.78829596598386,59.0708486131957
64.35692999997991,-106.14692008105007,-114.86251696220417,59.15419141572131
64.43755999999121,-105.34953884173481,-114.93669196130217,59.23748256804984
64.4980799999903,-104.75103316647906,-114.99236690790659,59.3
64.5787699999928,-104.12230062412114,-115.02729649349662,59.276466527968715
64.6594599999953,-103.49356808176321,-115.06222607908666,59.25293305593744
64.71996999997646,-103.02207711479029,-115.08842002162388,59.23528513931673
64.80059999998775,-102.39381208943587,-115.12332363404713,59.21176916645654
64.86114999998244,-101.92200944430942,-115.14953489203728,59.19410958371611
64.94182999999612,-101.2933548213765,-115.18446014877038,59.17057902821052
65.02248999997391,-100.6648560377471,-115.21937674776441,59.147054305773274
65.0829799999774,-100.19352090962417,-115.24556203258778,59.12941222220393
65.1636399999843,-99.565022125768,-115.28047863159442,59.1058874997582
65.24431999999797,-98.93636750283507,-115.31540388832752,59.0823569442526
65.38549999997485,-97.83629983258098,-115.37651875872832,59.041181388660476
65.46612999998615,-97.20803480722655,-115.41142237115157,59.01766541580028
65.52669999998761,-96.73607632302335,-115.43764228686818,59.0
65.60735999999451,-95.97660337556191,-115.61223376908315,58.976474133989726
65.6679099999892,-95.40648079980163,-115.74329643020744,58.95881369279613
65.7485099999758,-94.64757279645463,-115.91775804021216,58.935305326816085
65.82921999998507,-93.88762906236816,-116.09245774923751,58.911764877451525
65.88970999998855,-93.31807143044828,-116.22339053821455,58.894121936279674
65.97039999999106,-92.55831601106664,-116.39804695650314,58.87058732025853
66.0308799999766,-91.98885253663619,-116.52895810008032,58.852947295762625
66.11159999997471,-91.22881464533434,-116.70367945444252,58.8294039297306
66.19225999998162,-90.46934169787289,-116.8782709366575,58.80587806372033
66.27288999999291,-89.71015122233165,-117.05279748279884,58.782360947720925
66.35357999999542,-88.95039580295,-117.22745390108744,58.75882633169978
66.41408999997657,-88.38064985659935,-117.35842998073822,58.741177557193005
66.49474999998347,-87.6211769091379,-117.5330214629532,58.71765169118273
66.55526999998256,-87.05133680529782,-117.66401918800386,58.7
66.71660999997403,-85.73469451447971,-117.8159394519969,58.63934529460156
66.77712999997311,-85.24081084370171,-117.87292602926976,58.61659320106709
66.85775999998441,-84.58281612491436,-117.94884849665617,58.586280886097335
66.9183099999791,-84.0886876341107,-118.00586332239348,58.563517514263026
66.99895999999717,-83.43052970189375,-118.08180462209863,58.533197680423065
67.05950999999186,-82.93640121109009,-118.13881944783594,58.510434308588756
67.14013999997405,-82.27840649254024,-118.21474191519494,58.48012199362994
67.22082999997656,-81.61992213370159,-118.29072087951022,58.44978712206052
67.28136999998242,-81.12587524949399,-118.34772628910184,58.427027509655844
67.36199999999371,-80.46788053070662,-118.42364875648825,58.39671519468609
67.4225199999928,-79.97399685992862,-118.48063533376111,58.37396310115161
67.5032099999953,-79.31551250108997,-118.5566142980764,58.34362822958219
67.61925999997766,-78.3684668965636,-118.66588879066745,58.3
67.6394099999743,-78.13567278522848,-118.65554238574536,58.28605841857295
67.80071999999927,-76.27204905760915,-118.57271466472709,58.174449659232025
67.88140999997267,-75.33983283723374,-118.53128283281507,58.1186210634422
67.94189999997616,-74.64098838076647,-118.50022307927277,58.076768643555795
68.02260999998543,-73.70854109882387,-118.4587809779578,58.020926209943205
68.16375999999582,-72.07782701332326,-118.3863047965631,57.92326595094071
68.24444999999832,-71.1456107926116,-118.34487296463614,57.867437355130754
68.32506999999168,-70.21420328604017,-118.30347707555975,57.81165719161992
68.40575999999419,-69.28198706532852,-118.2620452436328,57.755828595809966
68.4864499999967,-68.34977084461687,-118.22061341170584,57.7
68.56710999997449,-67.6730663654579,-118.24732543055009,57.81997977030097
68.647799999977,-66.99611019833587,-118.27404738444548,57.94000416490239
68.7284599999839,-66.31940571893273,-118.30075940329937,58.05998393524664
68.80910999997286,-65.64278513559866,-118.32746811046631,58.17994883080966
68.88979999997537,-64.96582896847663,-118.3541900643617,58.29997322541107
68.97048999997787,-64.28887280135459,-118.38091201825709,58.419997620012495
69.05117999998038,-63.61191663423256,-118.4076339721525,58.54002201461391
69.19228999997722,-62.42806132703852,-118.45436510257728,58.74991967629815
69.25284000000102,-61.92007153977771,-118.4744173309693,58.83998631523416
69.33349999997881,-61.24336706061874,-118.50112934981355,58.95996608553512
69.41414999999688,-60.5667464770405,-118.52783805699013,59.07993098114142
69.49486999999499,-59.88953862219958,-118.55456994592704,59.2
69.55535999999847,-59.38530667655348,-118.62270939824552,59.255089959728785
69.63605000000098,-58.71269177007135,-118.71360330479918,59.32857663273915
69.71667999998317,-58.04057701116698,-118.80442962384214,59.4020086620282
69.79738999999245,-57.3677953888256,-118.89534605956605,59.475513549612344
69.87804999999935,-56.69543055601105,-118.98620617238076,59.54897290077531
69.95870999997715,-56.023065723439096,-119.07706628516267,59.62243225191177
70.03939999997965,-55.350450816956965,-119.16796019171635,59.69591892492214
70.12008999998216,-54.67783591047483,-119.25885409827002,59.76940559793251
70.1805699999968,-54.17368732263706,-119.32698228601976,59.82448645038766
70.2612299999746,-53.501322490065114,-119.41784239880168,59.897945801524116
70.32174999997369,-52.99684047075143,-119.48601564485912,59.953063083100304
70.4024399999762,-52.3242255642693,-119.57690955141278,60.02654975611067
70.48308999999426,-51.651944089263075,-119.66775839965877,60.1
70.56375000000116,-51.0059744462197,-119.72013431654159,60.19410071943338
70.64446999999927,-50.359524290246746,-119.77254919393212,60.288271436912105
70.72512999997707,-49.713554647436446,-119.82492511079603,60.38237215631153
70.80578999998397,-49.067585004393074,-119.87730102767885,60.4764728757449
70.88643999997294,-48.42169544699335,-119.92967045113112,60.570561928814755
70.96716000000015,-47.77524529078731,-119.98208532854055,60.66473264632744
71.04781999997795,-47.12927564797702,-120.03446124540447,60.75883336572686
71.12850999998045,-46.48306574846885,-120.08685664254115,60.85296908418291
71.20919999998296,-45.83685584896069,-120.13925203967781,60.94710480263896
71.28985999998986,-45.190886205917316,-120.19162795656064,61.04120552207234
71.37047999998322,-44.54523690498238,-120.24397789975905,61.13525957611951
71.4309999999823,-44.06055945899861,-120.28327607096446,61.205864281543946
71.51168999998481,-43.41434955949045,-120.33567146810114,61.3
71.57216999999946,-42.93363813830586,-120.38240730058716,61.443944307296555
71.65285999997286,-42.29229216355053,-120.44476038129386,61.6359890518256
71.73351999997976,-41.65118463665446,-120.50709027956987,61.82796239548831
71.81420999998227,-41.00983866166781,-120.56944336029905,62.02000714008663
71.89486999998917,-40.36873113477174,-120.63177325857505,62.21198048374935
71.97552999999607,-39.72762360787568,-120.69410315685104,62.40395382741207
72.05620999998064,-39.08635711574011,-120.75644851008084,62.59597477165234
72.21755999999004,-37.803903613857386,-120.88113148908603,62.97999285991337
72.29824999999255,-37.16255763887073,-120.94348456981521,63.17203760451169
72.37896999999066,-36.52097321579348,-121.00586083299758,63.3641537500456
72.4394199999806,-36.04050024293081,-121.05257348300793,63.508026656337286
72.5200799999875,-35.39939271603475,-121.11490338128394,63.7
72.58059999998659,-35.07190795524497,-121.18695002886618,63.623511569123536
72.6613199999847,-34.63511730933072,-121.2830439712454,63.52149329185491
72.74193999997806,-34.19886778168538,-121.37901886760511,63.419601399970475
72.82262999998056,-33.762239471220305,-121.4750770961854,63.317621038309746
72.90328999998746,-33.325773496204405,-121.57109961096677,63.21567859225692
72.98397999998997,-32.88914518573933,-121.66715783954707,63.1136982305962
73.06463999999687,-32.45267921072344,-121.76318035432844,63.011755784543375
73.14528999998583,-32.016267347628926,-121.85919096448707,62.909825977051035
73.22600999998394,-31.579476701714672,-121.9552849068663,62.807807699782416
73.30666999999085,-31.143010726698776,-122.05130742164766,62.70586525372959
73.38732999999775,-30.706544751682877,-122.14732993642903,62.60392280767677
73.46802000000025,-30.269916441217806,-122.24338816500934,62.50194244601604
73.54867999997805,-29.833450466359395,-122.33941067975606,62.4
73.62935999999172,-29.174390623207668,-122.1523801837231,62.44800380794538
73.70998999997391,-28.515739220969408,-121.965465596598,62.49597786636291
73.770509999973,-28.021362650565568,-121.82516954283219,62.53198667221713
73.8511999999755,-27.362221119373796,-121.63811586505813,62.5799964300577
73.91167999999016,-26.868171301367887,-121.49791253832414,62.61598143631387
73.99236999999266,-26.209029770176112,-121.31085886055008,62.663991194154434
74.07305999999517,-25.54988823898434,-121.12380518277602,62.712000951995
74.15371999997296,-24.890991772388197,-120.93682105036018,62.75999286011539
74.23437999997986,-24.23209530555431,-120.74983691787688,62.80798476825309
74.39574999999604,-22.91389393121081,-120.37575274406984,62.903998334039045
74.47640999997384,-22.254997464614668,-120.188768611654,62.95199024215943
74.55709999997634,-21.595855933422893,-120.00171493387994,63.0
74.63778999997885,-20.937477313439373,-119.85648435575625,63.008697573647545
74.6982699999935,-20.443999324283194,-119.74762891683227,63.01521671176025
74.7789300000004,-19.785865485012334,-119.60245233445409,63.02391105170881
74.83944999999949,-19.292061121651763,-119.49352490122023,63.030434501419116
74.92013999997289,-18.63368250190571,-119.34829432314892,63.03913207506352
75.00078999999096,-17.975630256126582,-119.20313573933511,63.04782533711346
75.08147999999346,-17.317251636143062,-119.05790516121142,63.056522910761004
75.16214000000036,-16.659117796872202,-118.91272857883324,63.06521725070956
75.24282999997376,-16.00073917712615,-118.76749800076193,63.07391482435396
75.32348999998067,-15.342605337855293,-118.62232141838375,63.08260916430252
75.48483000000124,-14.026174472092647,-118.33193225644625,63.1
75.56551999997464,-13.79457961135263,-118.21613482607624,63.03598571997296
75.64620999997715,-13.562984750529079,-118.10033739566447,62.97197143992284
75.72686999998405,-13.331475995106524,-117.98458301795318,62.90798095994856
75.80758999998216,-13.099795028881978,-117.86874253484092,62.843942879822585
75.88820999997552,-12.868401080716442,-117.75304556075815,62.779984133298164
75.9486699999834,-12.69486997045765,-117.66628000562875,62.73201904007453
76.0293599999859,-12.4632751096341,-117.55048257521698,62.6680047600244
76.08986999999615,-12.289600490345803,-117.46364526557284,62.62
76.17058999999426,-12.057919524121255,-117.34780478246056,62.55596191987403
76.25121999997646,-11.826496874183231,-117.23209345749154,62.49199523999868
76.33187999998336,-11.594988118760678,-117.11633907978027,62.4280047600244
76.41256999998586,-11.363393257937128,-117.0005416493685,62.36399047997428
76.49322999999276,-11.131884502514573,-116.88478727165722,62.3
76.57390999997733,-10.96267146869201,-116.6176087972405,62.227996430178436
76.65459999997984,-10.793437461476117,-116.35039720693959,62.15598393575363
76.73525999998674,-10.624266374318129,-116.08328496409851,62.08399821508662
76.81594999998924,-10.455032367102236,-115.81607337379761,62.01198572066182
76.87642999997479,-10.32818551180848,-115.615788865469,61.95800981705993
76.9571199999773,-10.158951504592586,-115.34857727516808,61.88599732263513
77.01760999998078,-10.0320836759055,-115.14825965095528,61.832012494429996
77.09829999998328,-9.862849668689607,-114.88104806065436,61.76000000000519
77.17895999999018,-9.69367858153162,-114.61393581781329,61.68801427933818
77.25963999997475,-9.524465547709056,-114.34675734339658,61.61601070951662
77.34029999998165,-9.355294460551068,-114.0796451005555,61.54402498884961
77.42098999998416,-9.186060453335175,-113.81243351025459,61.4720124944248
77.50167999998666,-9.016826446119282,-113.54522191995368,61.4
77.58233999999356,-8.877147828544501,-113.17856554872684,61.54900294596322
77.66298999998253,-8.73748652796304,-112.81195463460746,61.69798741892702
77.74364999998943,-8.597807910388259,-112.44529826338062,61.84699036489024
77.82436999998754,-8.45802539105516,-112.07836915003813,61.99610414863485
77.90502999999444,-8.31834677348038,-111.71171277881128,62.14510709459806
77.98571999999695,-8.178616205026442,-111.34492003652662,62.294165459451975
78.06640999999945,-8.038885636572504,-110.97812729424194,62.44322382430589
78.14702999999281,-7.899276286870199,-110.6116527511804,62.592152878379
78.2075499999919,-7.7944740312940155,-110.3365468302231,62.70395127025584
78.2882099999988,-7.654795413719235,-109.96989045899626,62.85295421621906
78.4495599999791,-7.375386227740914,-109.23644134561704,63.15101552698243
78.53020999999717,-7.235724927109053,-108.86983043136537,63.3
78.61089999999967,-7.272081385828722,-108.45173115505587,63.32449481406615
78.69158999997308,-7.308437844535277,-108.03363187889718,63.34898962812347
78.77224999997998,-7.344780786169783,-107.61568804906743,63.37347533518363
78.85290999998688,-7.381123727804289,-107.19774421923768,63.39796104224378
78.93359000000055,-7.417475680833275,-106.77969675837116,63.42245282064421
79.01427999997395,-7.453832139539831,-106.36159748221246,63.44694763470153
79.09493999998085,-7.490175081174336,-105.94365365238272,63.47143334176168
79.15545999997994,-7.517443551636759,-105.63006624128984,63.489805211227726
79.23614999998244,-7.553800010356428,-105.21196696498035,63.514300025293885
79.2966299999971,-7.581050458043004,-104.8985868158102,63.53265975208821
79.37728999997489,-7.617393399664397,-104.48064298613126,63.55714545913953
79.51845999999205,-7.681000306070643,-103.74916356065162,63.6
79.59914999999455,-7.602407210117435,-102.99816286637372,63.5450874975673
79.67981000000145,-7.523843334545105,-102.2474413890685,63.49019541123117
79.76049999997485,-7.445250238620244,-101.49644069506147,63.43528290881827
79.84118999997736,-7.366657142667036,-100.74544000078356,63.38037040638558
79.92184999998426,-7.288093267094706,-99.99471852347834,63.32547832004944
80.00249999997322,-7.209539131668234,-99.24409011867795,63.27059303909203
80.08322000000044,-7.130916815305801,-98.49281020715647,63.215660120542964
80.16387999997823,-7.0523529397618185,-97.74208873012213,63.160768034226635
80.24456999998074,-6.973759843808611,-96.99108803584423,63.105855531793935
80.32522999998764,-6.895195968236281,-96.24036655853901,63.050963445457796
80.4058799999766,-6.816641832809808,-95.4897381537386,62.99607816450039
80.46639999997569,-6.757694575815525,-94.9264643649717,62.95489208633614
80.5470599999826,-6.679130700243195,-94.17574288766647,62.9
80.6277199999895,-6.527572378743202,-93.68317834232036,62.780870546773826
80.708409999992,-6.375957687927832,-93.19043059669909,62.66169678555023
80.78905999998096,-6.224418156236089,-92.69792711822984,62.54258210168519
80.86974999998347,-6.072803465420718,-92.20517937260858,62.42340834046159
80.95043999998597,-5.921188774605348,-91.71243162698731,62.304234579237985
81.03109999999288,-5.769630453105355,-91.2198670816412,62.18510512601182
81.11175999999978,-5.618072131605363,-90.72730253629508,62.06597567278565
81.19240999998874,-5.46653259991362,-90.23479905782584,61.94686098892061
81.27312999998685,-5.314861539782871,-89.74186811192942,61.82764291969958
81.35378999999375,-5.163303218282879,-89.24930356658331,61.708513466473406
81.41430999999284,-5.04958750273296,-88.87972749069257,61.61912945322617
81.49496999999974,-4.8980291812329675,-88.38716294534646,61.5
81.55547999998089,-4.710998685226678,-88.05317991702145,61.40399238415541
81.69665999998688,-4.274625103413529,-87.27394137867054,61.17999048017694
81.77730999997584,-4.0253438357628575,-86.82879625820917,61.05202792490973
81.85799999997835,-3.7759389319797254,-86.38343035894002,60.92400190400155
81.93865999998525,-3.52662675525096,-85.93823004369638,60.79602348230101
82.01934999998775,-3.2772218514678273,-85.49286414442722,60.66799746139283
82.10003999999026,-3.027816947684695,-85.04749824515805,60.53997144048465
82.18069999999716,-2.7785047709559296,-84.60229792991443,60.41199301878411
82.26134999998612,-2.5292235033052584,-84.15715280945305,60.2840304635169
82.34200999999302,-2.279911326576493,-83.71195249420943,60.15605204181636
82.42272999999113,-2.0304136957389933,-83.26642101091474,60.02797842170054
82.50338999999803,-1.781101519010228,-82.8212206956711,59.9
82.58410999999614,-1.5889117662908712,-82.4630488837173,59.83721891132679
82.6647299999895,-1.3969601079246519,-82.1053207930581,59.77451559903075
82.72524999998859,-1.252865412252297,-81.8367806783452,59.72744533780014
82.80590999999549,-1.0608185161171049,-81.47887509911651,59.66471091494418
82.88656999997329,-0.8687716200512072,-81.12096952001694,59.60197649211086
82.9672599999758,-0.6766532956239328,-80.7629308244257,59.53921873634627
83.04793999998947,-0.48455878060425417,-80.40493650091224,59.476468758210345
83.12859999999637,-0.29251188446906196,-80.04703092168354,59.413734335354384
83.20925999997417,-0.10046498840316453,-79.68912534258398,59.35099991252106
83.28994999997667,0.09165333602411008,-79.33108664699273,59.288242156756475
83.37060999998357,0.2837002321593023,-78.97318106776403,59.225507733900514
83.45125999997254,0.475723318817604,-78.61531986074226,59.16278108869585
83.53197999999975,0.6679130716062555,-78.25714804865933,59.1
83.61263999997755,0.7658590835193906,-77.76741798934673,59.123996429981695
83.67312999998103,0.8393125209431145,-77.4001508024179,59.141992264969
83.81432999999379,1.0107726856739758,-76.54284997920661,59.18399940499695
83.89499000000069,1.108718697622452,-76.0531199197173,59.2079958349873
83.97567999997409,1.2067011387437157,-75.56320771436415,59.23200118999744
84.0563699999766,1.3046835799003205,-75.07329550883429,59.25600654501624
84.13701999999466,1.4026174487912006,-74.58362616463293,59.28
84.21768000000156,1.5005634607396767,-74.09389610514361,59.303996429990356
84.29836999997497,1.5985459018609403,-73.60398389979046,59.328001785000495
84.37905999997747,1.6965283430175453,-73.11407169426062,59.35200714001929
84.45971999998437,1.7944743549660211,-72.6243416347713,59.376003570009644
84.54037999999127,1.8924203669144974,-72.134611575282,59.4
84.62105999997584,2.0527322204184015,-71.671488442403,59.39199936534532
84.70174999997835,2.213063944043909,-71.20830790695041,59.383997739038556
84.78243999998085,2.3733956676694157,-70.74512737149783,59.3759961127318
84.86306999999215,2.533608170796625,-70.2822912508185,59.36800043632599
84.9235499999777,2.653782450660947,-69.93512110858765,59.362002935286185
85.0042399999802,2.8141141742864537,-69.47194057313507,59.35400130897942
85.06475999997929,2.9343679345215277,-69.124540820944,59.34799984133705
85.14541999998619,3.0946400478978857,-68.66153249287805,59.34000118998077
85.22607999999309,3.2549121612742438,-68.1985241648121,59.33200253862448
85.30678999997326,3.415283625027297,-67.73522882454647,59.323998929019325
85.46810999998706,3.735827851780013,-66.80921216841456,59.30800162630676
85.54879999998957,3.89615957540552,-66.34603163296198,59.3
85.62945999999647,3.973584582299645,-65.823412836908,59.26522376476345
85.71013999998104,4.051028787041633,-65.30066445538108,59.23043890661681
85.79079999998794,4.128453793935758,-64.7780456593271,59.19566267138026
85.87151999998605,4.205936394429345,-64.25503810647713,59.16086056738834
85.93200999998953,4.264000350130988,-63.86310640585203,59.134780546691594
86.01266999999643,4.341425357025114,-63.34048760979805,59.100004311455045
86.07317999997758,4.399508510574621,-62.9484263237,59.0739156678482
86.15386999998009,4.4769623142684765,-62.42561314924802,59.03912649823397
86.23452999998699,4.554387321162602,-61.902994353194046,59.00435026299742
86.31518999999389,4.631812328056727,-61.38037555714008,58.96957402776087
86.39586999997846,4.709256532798714,-60.857627175613146,58.934789169614234
86.55721999998786,4.926387596040812,-59.95070153709336,58.91568436813482
86.63787999999477,5.066064855589055,-59.56658907302555,58.93136873626965
86.71856999999727,5.205794065511362,-59.18233374542894,58.947058937915195
86.79925999999978,5.345523275433669,-58.798078417832336,58.96274913956074
86.87990999998874,5.485183218156957,-58.41401357503318,58.97843156318822
86.96059999999125,5.624912428079264,-58.029758247436575,58.994121764833764
87.04128999999375,5.764641638001571,-57.64550291983997,59.00981196647931
87.12195000000065,5.904318897549813,-57.26139045577216,59.02549633461413
87.20257999998285,6.043944206673592,-56.87742085537174,59.04117486923257
87.2631199999887,6.14878007690847,-56.589122211993036,59.05294689560119
87.3437799999956,6.2884573364567125,-56.205009747925224,59.068631263736016
87.4244399999734,6.428134595954556,-55.82089728399601,59.08431563186518
87.5050999999803,6.567811855502798,-55.4367848199282,59.1
87.64632999998867,6.615535379749005,-54.80047116753197,59.12858067976144
87.72695999999996,6.642781345622282,-54.437191624964115,59.14489775268753
87.80767999999807,6.67005772370651,-54.07350658625294,59.16123303888842
87.88833999997587,6.697313826973602,-53.71009187843511,59.17755618290022
87.96902999997837,6.72458006765418,-53.34654200510504,59.19388539800951
88.04970999999205,6.751842929203485,-52.9830371868583,59.21021258942357
88.13037999998778,6.779102411611684,-52.61957742382601,59.2265377571365
88.19086999999126,6.799542799501285,-52.347038920438735,59.23877910330067
88.27155999999377,6.826809040181862,-51.98348904710867,59.25510831840997
88.33203999997932,6.847246048930357,-51.710995598935845,59.26734764087301
88.41272999998182,6.8745122896109345,-51.34744572560578,59.28367685598231
88.49338999998872,6.9017683928878615,-50.98403101765682,59.3
88.57407999999123,6.93669899723893,-50.50373520683683,59.386291914176304
88.65476999999373,6.97162960159,-50.02343939601684,59.47258382835261
88.7354199999827,7.006542889983119,-49.54338167961916,59.55883296550902
88.8160799999896,7.041460507372025,-49.063264439529284,59.64509279693597
88.8967699999921,7.076391111723094,-48.582968628709295,59.73138471111228
88.97745999999461,7.111321716074164,-48.10267281788931,59.817676625288584
89.05814999999711,7.146252320425233,-47.62237700706932,59.90396853946489
89.13880999997491,7.18116993780154,-47.14225976715268,59.99022837086071
89.21945999999298,7.216083226207258,-46.66220205058176,60.07647750804825
89.30017999999109,7.251026817520491,-46.18172766903166,60.16280150497392
89.38080999997328,7.285931447934634,-45.701788999845135,60.24902925362038
89.52197999999044,7.347043771849451,-44.86149454427949,60.4
89.60263999999734,7.507314295904444,-44.505337823707386,60.46398857630807
89.68332999999984,7.667644429617468,-44.14904863722839,60.52800095198395
89.82454000000143,7.948227131081942,-43.52553152207527,60.64002459269547
89.9051899999904,8.108477785212372,-43.16941895689114,60.70400523586554
89.9858499999973,8.268748309267366,-42.81326223631904,60.76799381217361
90.0665099999751,8.42901883326453,-42.457105515875455,60.831982388458584
90.1471999999776,8.589348966977553,-42.10081632939645,60.895994764134464
90.2278899999801,8.749679100690576,-41.74452714291745,60.960007139810344
90.30856999999378,8.909989364536866,-41.38828211169791,61.024011582371315
90.38925999999628,9.070319498249889,-41.031992925218916,61.0880239580472
90.44974999999977,9.19051245634331,-40.7648974624517,61.136011423715026
90.53040999997756,9.350782980340474,-40.408740742008106,61.2
90.67160999999032,9.500022339297892,-39.72887255146392,61.24468825825917
90.75226999999722,9.585274794633923,-39.34050025508269,61.27021626754505
90.83292999997502,9.670527249939193,-38.95212795884158,61.29574427682173
90.91361999997753,9.755811413349672,-38.56361121456568,61.321281780778655
90.9942999999912,9.841085007412257,-38.1751426195413,61.346816119848306
91.0749599999981,9.926337462748286,-37.78677032316006,61.37234412913419
91.1556199999759,10.011589918053556,-37.39839802691896,61.39787213841086
91.236339999974,10.096905789538486,-37.0097368347484,61.423419137038834
91.31699999998091,10.182158244874516,-36.62136453836717,61.44894714632472
91.39765999998781,10.267410700210547,-36.23299224198593,61.474475155610605
91.47830999997677,10.35265258616792,-35.84466809499634,61.5
91.55902999997488,10.441755348525056,-35.41697483588468,61.54002141879557
91.63965999998618,10.530758764407498,-34.98975843985133,61.57999821510398
91.72034999998868,10.619828411273069,-34.56222413509911,61.62000475973716
91.78082999997423,10.686589252033697,-34.24177209959989,61.649991075498235
91.86151999997674,10.775658898899268,-33.81423779484767,61.68999762013142
92.00269999998272,10.931500425044073,-33.06619846970695,61.75999543858943
92.08335000000079,11.0205259179316,-32.63887610404924,61.79998215101091
92.1640399999742,11.109595564765044,-32.211341799451226,61.83998869562966
92.2447299999767,11.198665211630615,-31.783807494699005,61.87999524026284
92.3253899999836,11.287701743004622,-31.35643214430622,61.919986910733634
92.4060799999861,11.376771389870193,-30.928897839553997,61.95999345536682
92.48676999998861,11.465841036735764,-30.501363534801776,62.0
92.56738999998197,11.608238724838051,-30.04747090457649,62.0
92.64804999998887,11.750707064260766,-29.59335307326764,62.0
92.70862999997917,11.857708452806602,-29.25228614772921,62.0
92.78928999998607,12.000176792229315,-28.798168316420362,62.0
92.84977000000072,12.107001552576893,-28.457664393263133,62.0
92.93045999997412,12.24952288041282,-28.003377661387393,62.0
93.01114999997662,12.392044208300153,-27.5490909293478,62.0
93.09180999998352,12.534512547722867,-27.09497309803895,62.0
93.17246999999043,12.676980887145582,-26.6408552667301,62.0
93.3338399999775,12.962005880064435,-25.732338103003727,62.0
93.4144999999844,13.10447421948715,-25.278220271694877,62.0
93.4951599999913,13.246942558909865,-24.824102440386028,62.0
93.57587999998941,13.246942558909865,-24.824102440386028,62.0
93.65656999999192,13.246942558909865,-24.824102440386028,62.0
93.73718999998528,13.246942558909865,-24.824102440386028,62.0
93.81790999998339,13.246942558909865,-24.824102440386028,62.0
93.89853999999468,13.246942558909865,-24.824102440386028,62.0
93.95905999999377,13.246942558909865,-24.824102440386028,62.0
94.03970999998273,13.246942558909865,-24.824102440386028,62.0
94.0800299999828,13.246942558909865,-24.824102440386028,62.0
94.18091999998433,13.246942558909865,-24.824102440386028,62.0
94.26157999999123,13.246942558909865,-24.824102440386028,62.0
94.34223999999813,13.246942558909865,-24.824102440386028,62.0
94.4229199999827,13.246942558909865,-24.824102440386028,62.0
94.5036099999852,13.246942558909865,-24.824102440386028,62.0
94.5842699999921,13.246942558909865,-24.824102440386028,62.0
94.664929999999,13.246942558909865,-24.824102440386028,62.0
94.74562000000151,13.246942558909865,-24.824102440386028,62.0
94.82630999997491,13.246942558909865,-24.824102440386028,62.0
94.88678999998956,13.246942558909865,-24.824102440386028,62.0
94.96747999999207,13.246942558909865,-24.824102440386028,62.0
95.02799999999115,13.246942558909865,-24.824102440386028,62.0
95.10864999998012,13.246942558909865,-24.824102440386028,62.0
95.18930999998702,13.246942558909865,-24.824102440386028,62.0
95.27002999998513,13.246942558909865,-24.824102440386028,62.0
95.35068999999203,13.246942558909865,-24.824102440386028,62.0
95.43134999999893,13.246942558909865,-24.824102440386028,62.0
95.51199999998789,13.246942558909865,-24.824102440386028,62.0
95.5926899999904,13.246942558909865,-24.824102440386028,62.0
95.6733799999929,13.246942558909865,-24.824102440386028,62.0
95.7540099999751,13.246942558909865,-24.824102440386028,62.0
95.83475999999791,13.246942558909865,-24.824102440386028,62.0
95.99609999998938,13.246942558909865,-24.824102440386028,62.0
